scenario,scenario_type,replication,method,true_beta_b,true_rr,log_effect,se_log_effect,rr_estimate,p0_hat,converged,finite,iterations,alpha,phi,bec_count,failure_reason,ci_lower,ci_upper,covered,coverage_eligible
base,standard,1,RR-GEE,1.6,4.953032424395115,2.101102626472939,1.1726182893600376,8.175179113674814,,True,True,6.0,-0.01932705252025551,1.4213203110219037,2.2165688541452107,,0.8210370946393138,81.4013812250776,True,True
base,standard,1,RR-PGEE,1.6,4.953032424395115,1.9846291035992165,0.8968989408094769,7.27634811358307,,True,True,7.0,-0.01780133531567334,1.8163385555720997,1.7193684892028573,,1.254503004551396,42.20415708687509,True,True
base,standard,1,OR-PGEE-ZY,1.6,4.953032424395115,2.014305310795073,0.931640565259442,7.203094553545693,0.00625,True,True,8.0,-0.01042128100264442,0.5537457199741697,0.7065187225862384,,1.2056623035859313,36.22777372417039,True,True
base,standard,2,RR-GEE,1.6,4.953032424395115,2.4300337445287874,0.8976489422310433,11.359265386592012,,True,True,7.0,0.036722543207137456,1.0421413826244288,2.527638560301324,,1.9555552080290768,65.98274985704661,True,True
base,standard,2,RR-PGEE,1.6,4.953032424395115,2.3175864041150636,0.7373914192412715,10.15114395552666,,True,True,7.0,0.04298170807536125,1.3072067197476724,2.06601261028892,,2.3924687435035383,43.07087559059391,True,True
base,standard,2,OR-PGEE-ZY,1.6,4.953032424395115,2.4223319555268534,0.8356648520810342,10.017256163755215,0.012195121951219513,True,True,7.0,0.042142652452260745,0.7891771095579478,0.956184155400414,,2.159844792126402,34.211081183041784,True,True
base,standard,3,RR-GEE,1.6,4.953032424395115,2.784009091712597,0.8882066302396854,16.183773293642187,,True,True,7.0,0.07444444869166053,0.9491475836193369,3.232299436014169,,2.8381603710430285,92.28319889610468,True,True
base,standard,3,RR-PGEE,1.6,4.953032424395115,2.6262178022590374,0.7218454009224262,13.821395668236516,,True,True,7.0,0.08860545970546976,1.2360595825239646,2.59091122251636,,3.358272866684935,56.883697603322034,True,True
base,standard,3,OR-PGEE-ZY,1.6,4.953032424395115,2.797737384891326,0.8607243894657727,13.81221876585293,0.012195121951219513,True,True,11.0,0.09621971508537769,0.8545723802637102,1.2428879766344583,,2.9630378553964545,42.84942331354711,True,True
base,standard,4,RR-GEE,1.6,4.953032424395115,1.4191861667524241,0.6657351408148807,4.133754883774527,,True,True,5.0,0.1027318522171725,1.0437338773046752,1.3139148297702121,,1.1211660586549448,15.241211867963631,True,True
base,standard,4,RR-PGEE,1.6,4.953032424395115,1.3808083229005315,0.5916908596913387,3.978115930429933,,True,True,5.0,0.10783758766731481,1.1941986262162256,1.1521153165451672,,1.2474675645240092,12.686026319232464,True,True
base,standard,4,OR-PGEE-ZY,1.6,4.953032424395115,1.481627371068411,0.6961816845259503,3.9354812961155314,0.034722222222222224,True,True,6.0,0.11359876091234927,0.8960266589968916,1.0256286641082477,,1.1194422847330667,11.016223077936841,True,True
base,standard,5,RR-GEE,1.6,4.953032424395115,0.4595323293795123,0.8748433443720584,1.583333333335031,,True,True,4.0,0.09816151202752749,1.015463917526032,1.0296293870069038,,0.28503904226158305,8.795091453293521,True,True
base,standard,5,RR-PGEE,1.6,4.953032424395115,0.5684184885705972,0.6862170489593846,1.7654727270920234,,True,True,7.0,0.10358672808107805,1.2604041531257761,0.8207930848735894,,0.45999382524609006,6.77594736937665,True,True
base,standard,5,OR-PGEE-ZY,1.6,4.953032424395115,0.5715092312713679,0.7429475516488849,1.7357237112277306,0.02631578947368421,True,True,7.0,0.08517233649711912,0.8238421990090177,0.8169313277136739,,0.4193415193526779,6.47271217577649,True,True
base,standard,6,RR-GEE,1.6,4.953032424395115,1.2769259562550301,0.6839382160596127,3.585600473982305,,True,True,5.0,0.09114032808833683,1.0201360909991666,1.2653050849031178,,0.9384100097508105,13.700334209389037,True,True
base,standard,6,RR-PGEE,1.6,4.953032424395115,1.2521137924872443,0.5801151462710481,3.4977286213136103,,True,True,6.0,0.09066316742726327,1.208821028937002,1.0712507614385842,,1.1219957272181704,10.903878875447358,True,True
base,standard,6,OR-PGEE-ZY,1.6,4.953032424395115,1.3088655914801024,0.634388701456314,3.450029047721954,0.02702702702702703,True,True,5.0,0.07503229327985576,0.8701774071616533,0.9513542734847041,,1.0657290393528895,9.724973491517764,True,True
base,standard,7,RR-GEE,1.6,4.953032424395115,2.5142628228017063,1.0993694814474146,12.357495756468952,,True,True,7.0,-0.026847319392345394,1.4033286059905978,2.8927595508845942,,1.432667703788897,106.58975627585552,True,True
base,standard,7,RR-PGEE,1.6,4.953032424395115,2.3577736681866464,0.8499978778858648,10.567398708121889,,True,True,8.0,-0.026724660969614143,1.7634828460506562,2.3332073996603713,,1.99732431149505,55.90975627429695,True,True
base,standard,7,OR-PGEE-ZY,1.6,4.953032424395115,2.4139937770590127,0.8797134019953486,10.509920372075815,0.00625,True,True,8.0,-0.016599334064874852,0.5703515519500498,0.9359668261622898,,1.9809931552056377,45.245110774616656,True,True
base,standard,8,RR-GEE,1.6,4.953032424395115,1.5275562935415516,0.7997129009434131,4.606905131733651,,True,True,6.0,-0.0029198937035390597,1.0184717670349617,1.4049026315088595,,0.9609314636667445,22.08646058045434,True,True
base,standard,8,RR-PGEE,1.6,4.953032424395115,1.558601091465291,0.677241002747419,4.752168743688285,,True,True,7.0,-0.0023948771628960986,1.1885630840044665,1.197162980396354,,1.2601529685763146,17.920925738088496,True,True
base,standard,8,OR-PGEE-ZY,1.6,4.953032424395115,1.6223466829302766,0.7763062915084616,4.627505601210038,0.023255813953488372,True,True,6.0,-0.00014841877070504098,0.8678559002781816,0.9139834743582844,,1.1033495242265756,15.297920652016353,True,True
base,standard,9,RR-GEE,1.6,4.953032424395115,-0.7171657284935058,1.0584468317920328,0.48813380092168074,,True,True,5.0,0.024276883609640948,1.0071680946365313,1.4185156798007132,,0.06131790452427269,3.885889601917595,False,True
base,standard,9,RR-PGEE,1.6,4.953032424395115,-0.43194949145671807,0.7583383526508062,0.6492421681331659,,True,True,6.0,0.03143089387922875,1.2489188614021045,1.1292602777012823,,0.14686149448594268,2.870155954477235,False,True
base,standard,9,OR-PGEE-ZY,1.6,4.953032424395115,-0.46955868130656603,0.8196299685670854,0.6349235485543956,0.04054054054054054,True,True,6.0,0.027739320771671253,0.8287784725381425,0.9895705915760906,,0.13004112047471741,2.8706695209536517,False,True
base,standard,10,RR-GEE,1.6,4.953032424395115,-25.03704220641828,1.0281135850963292,1.3382915214895535e-11,,False,True,25.0,0.28859671893415284,1.9669058888412674,184776.6458685414,,,,False,False
base,standard,10,RR-PGEE,1.6,4.953032424395115,-1.0209503256117727,0.8449306187738634,0.36025242034441707,,True,True,8.0,0.3063362508542788,2.622364579047648,1.0562718849369572,,0.06877025911255526,1.887179255084653,False,True
base,standard,10,OR-PGEE-ZY,1.6,4.953032424395115,-1.0674983943985452,0.8856696894295061,0.34686223637898383,0.013157894736842105,True,True,10.0,0.12910353915994727,0.4176355272560454,0.8185155493024482,,0.06136340688840691,1.9269641082099733,False,True
base,standard,11,RR-GEE,1.6,4.953032424395115,2.4870892740211374,0.8732825418331769,12.026220094695638,,True,True,6.0,0.051505254548350664,1.0110742705810634,2.481736769968674,,2.171649340727015,66.59913599017906,True,True
base,standard,11,RR-PGEE,1.6,4.953032424395115,2.3533896192836203,0.7142241399820692,10.521172119259923,,True,True,7.0,0.06014907619325008,1.2781000661230248,2.027460877389314,,2.5948689854210674,42.659210690411754,True,True
base,standard,11,OR-PGEE-ZY,1.6,4.953032424395115,2.4710632611825765,0.8097820249428104,10.423313281027736,0.0125,True,True,7.0,0.05932652913073953,0.8136441109614827,1.0543313911270837,,2.3781451306369754,33.82494855515368,True,True
base,standard,12,RR-GEE,1.6,4.953032424395115,0.9231250911350171,0.761699148830731,2.517144416972208,,True,True,5.0,0.10724122816143997,1.071480284584869,1.1967898719550085,,0.5656511080990451,11.20127924293737,True,True
base,standard,12,RR-PGEE,1.6,4.953032424395115,0.9690546377529364,0.630260153705643,2.635451824659438,,True,True,6.0,0.11049669931297869,1.302446827613264,0.9749955045152796,,0.7662609017698636,9.06428385430891,True,True
base,standard,12,OR-PGEE-ZY,1.6,4.953032424395115,1.013550926935317,0.6903868644974634,2.6366917795314078,0.02564102564102564,True,True,5.0,0.08811844571455554,0.8041498982569627,0.8197755728173826,,0.7173637880348875,8.545013510658437,True,True
base,standard,13,RR-GEE,1.6,4.953032424395115,1.5482873026408448,0.717348860687802,4.703407766261669,,True,True,6.0,0.15994440424883455,0.9558972992117049,1.6032556684366979,,1.1529332778840247,19.18761912773574,True,True
base,standard,13,RR-PGEE,1.6,4.953032424395115,1.4829422030245432,0.6094558917804586,4.4058896515450545,,True,True,6.0,0.16375676888942892,1.181081310378044,1.3090340912962017,,1.3343317503169347,14.548003985501378,True,True
base,standard,13,OR-PGEE-ZY,1.6,4.953032424395115,1.6063839639578228,0.7128401653141622,4.48798884275569,0.027777777777777776,True,True,7.0,0.15357442653889053,0.9164637684555379,1.2315142620976205,,1.2248257633917232,13.15589586200892,True,True
base,standard,14,RR-GEE,1.6,4.953032424395115,1.2656663733481623,1.3723883865069615,3.5454545455144157,,True,True,5.0,-0.009949494949447454,0.9949494949531437,1.2435364386837193,,0.24070926645117796,52.221703466735484,True,True
base,standard,14,RR-PGEE,1.6,4.953032424395115,1.2656663720828905,0.9253161295010262,3.5454545410284517,,True,True,10.0,-0.007499725439057918,1.4831199062838283,0.8321863872914838,,0.5781511634436616,21.742147551215957,True,True
base,standard,14,OR-PGEE-ZY,1.6,4.953032424395115,1.2689922978167414,0.9695710012449857,3.499893280499765,0.00641025641025641,True,True,8.0,-0.005331247099382292,0.6773341481323429,0.7153306748887527,,0.5334837419130072,20.75845845776088,True,True
base,standard,15,RR-GEE,1.6,4.953032424395115,1.1122879345404846,0.5997220657404191,3.041308755768507,,True,True,5.0,0.004691419530695543,1.0414501272876338,1.213228975041025,,0.9388066654666446,9.852464078231254,True,True
base,standard,15,RR-PGEE,1.6,4.953032424395115,1.1221626251819932,0.5440001423199551,3.0714895064229206,,True,True,5.0,0.0052785318363358326,1.1469497818615935,1.1017383281673372,,1.0575362799701766,8.920779330929582,True,True
base,standard,15,OR-PGEE-ZY,1.6,4.953032424395115,1.2128366406236146,0.6457495679712538,3.040607469081383,0.04487179487179487,True,True,6.0,0.01105294724252165,0.9294783098124926,1.013372346087997,,0.950755426848357,8.0013583853097,True,True
base,standard,16,RR-GEE,1.6,4.953032424395115,2.250241917751466,0.6398247301123688,9.490031365732015,,True,True,6.0,0.004286706220641396,1.0338299229227306,1.9523677290072172,,2.7079949502972753,33.25733503036662,True,True
base,standard,16,RR-PGEE,1.6,4.953032424395115,2.1589363935148675,0.5576176999962241,8.661919883128222,,True,True,6.0,0.00685437518196825,1.1927630129080447,1.7317671348394676,,2.903816146081074,25.838018761273627,True,True
base,standard,16,OR-PGEE-ZY,1.6,4.953032424395115,2.323962124067405,0.6237301993980695,8.607992938967932,0.02027027027027027,True,True,6.0,0.01057875050128191,0.8930287528219183,1.0457336900284213,,2.89089353349359,20.613153638310994,True,True
base,standard,17,RR-GEE,1.6,4.953032424395115,0.6648241608434596,0.9013901997210919,1.9441486338231455,,True,True,6.0,0.34394652177714563,1.136524085398695,1.2684951244222604,,0.3322498055545771,11.376120759762275,True,True
base,standard,17,RR-PGEE,1.6,4.953032424395115,0.8261874480590514,0.7150387688384406,2.2845919896155125,,True,True,7.0,0.356707146091563,1.4009091799386786,1.003456155581669,,0.5625570170398241,9.277922772130104,True,True
base,standard,17,OR-PGEE-ZY,1.6,4.953032424395115,0.9388672326550054,0.8222889491620984,2.422374665098801,0.03571428571428571,True,True,7.0,0.2800831550437156,0.7703504198256071,0.8628506747828908,,0.5193668267166011,9.01161663477044,True,True
base,standard,18,RR-GEE,1.6,4.953032424395115,0.4792664288159999,1.062594967410458,1.6148893313003165,,True,True,5.0,0.2075316128052469,1.0458909505202405,1.086122059043668,,0.2012149704997823,12.960604004116114,True,True
base,standard,18,RR-PGEE,1.6,4.953032424395115,0.6770742024403646,0.790070223564116,1.9681110058292228,,True,True,7.0,0.20657049773879466,1.2718387504575175,0.842375499788371,,0.41835079287345067,9.258882730115488,True,True
base,standard,18,OR-PGEE-ZY,1.6,4.953032424395115,0.6930048329915937,0.898539180076101,1.930778577505328,0.03571428571428571,True,True,6.0,0.17438455959657914,0.8300834692646158,0.8631962957986216,,0.3519100003679983,8.432789567542669,True,True
base,standard,19,RR-GEE,1.6,4.953032424395115,1.1525603916346798,0.8654644299326394,3.1662894811702262,,True,True,12.0,0.3050492292465836,1.4437022408737317,1.6797687456246366,,0.5805851986380836,17.26773107906717,True,True
base,standard,19,RR-PGEE,1.6,4.953032424395115,1.2445649550206055,0.749910797382273,3.471424245091954,,True,True,10.0,0.28019489861196933,1.699541328336793,1.4125350721814522,,0.7983300269140431,15.094993152136267,True,True
base,standard,19,OR-PGEE-ZY,1.6,4.953032424395115,1.52541816994672,0.9089609581220817,4.217775180069712,0.025,True,True,8.0,0.1728567823528372,0.6389016798837067,1.0560282899798286,,0.778452014376125,16.471190955829606,True,True
base,standard,20,RR-GEE,1.6,4.953032424395115,-25.025411269347927,0.6909349926345005,1.3539479790960017e-11,,False,True,25.0,-0.015418361901231949,1.0428563719483217,169031.04806143141,,,,False,False
base,standard,20,RR-PGEE,1.6,4.953032424395115,-0.2430179891810613,0.6111331352423597,0.7842574054961925,,True,True,8.0,-0.012378945131092193,1.3424515912074801,0.8534851953524698,,0.2367342857433076,2.598101395175738,False,True
base,standard,20,OR-PGEE-ZY,1.6,4.953032424395115,-0.2648039555995956,0.6245851133106387,0.7704114503923677,0.017045454545454544,True,True,7.0,-0.009553735569564556,0.751029324657562,0.87861643378373,,0.22862310062423521,2.5403111255192314,False,True
base,standard,21,RR-GEE,1.6,4.953032424395115,1.8355503181841233,1.3542108503566654,6.268582911554235,,True,True,6.0,-0.013080284147456607,1.4154077300869188,1.9908374861476554,,0.44102479704535436,89.0995970799998,True,True
base,standard,21,RR-PGEE,1.6,4.953032424395115,1.8260850525431316,0.9842212017856343,6.209529030332188,,True,True,8.0,-0.010324724843481561,1.8920009297415052,1.4325392778469435,,0.9021693241249875,42.7394833180964,True,True
base,standard,21,OR-PGEE-ZY,1.6,4.953032424395115,1.8375739428295765,1.0296918285928833,6.094159114036019,0.005813953488372093,True,True,10.0,-0.005735495338172676,0.5305878895410712,0.7785264936003798,,0.8355843959279476,37.24528867120359,True,True
base,standard,22,RR-GEE,1.6,4.953032424395115,,,,,False,False,,,,,FloatingPointError('Negative sandwich variance'),,,False,False
base,standard,22,RR-PGEE,1.6,4.953032424395115,5.187067590808754,0.8964127857963243,178.94304857115273,,True,True,10.0,0.2770103193544897,10.799769061097969,3.6163900001407994,,30.88068215322431,1036.9140964262867,False,True
base,standard,22,OR-PGEE-ZY,1.6,4.953032424395115,,,,,False,False,,,,,FloatingPointError('Non-positive variance vector'),,,False,False
base,standard,23,RR-GEE,1.6,4.953032424395115,1.7986995900174465,0.9083055403605884,6.04178555541968,,True,True,6.0,0.05695717940842178,1.0423696099917017,1.624426118947048,,1.0186247609228876,35.83574059657213,True,True
base,standard,23,RR-PGEE,1.6,4.953032424395115,1.765184138578535,0.7607657184122713,5.842648115957645,,True,True,7.0,0.060449153246164844,1.2640586814081358,1.343655601692405,,1.315360443797352,25.95223017985371,True,True
base,standard,23,OR-PGEE-ZY,1.6,4.953032424395115,1.8372775798817522,0.8732677241941433,5.726394613966012,0.018292682926829267,True,True,7.0,0.058725699320195994,0.8181294638019995,0.9407378217330723,,1.1311751433263832,21.49414619945639,True,True
base,standard,24,RR-GEE,1.6,4.953032424395115,1.3752705483083425,0.9355254209654713,3.9561469069990465,,True,True,6.0,-0.015281015492541064,0.9471955626262984,1.6941781427889733,,0.6323415627686402,24.75101949843603,True,True
base,standard,24,RR-PGEE,1.6,4.953032424395115,1.3791223342094174,0.7338176667930829,3.971414522795459,,True,True,7.0,-0.013877231101181284,1.2827866836672366,1.2350026490101818,,0.9425805831756373,16.73292829641469,True,True
base,standard,24,OR-PGEE-ZY,1.6,4.953032424395115,1.4169196060935887,0.8036509829737367,3.9693724411542783,0.0125,True,True,8.0,-0.011700976744418367,0.7924815552992753,0.895164317109927,,0.8552370380413128,16.11413540115057,True,True
base,standard,25,RR-GEE,1.6,4.953032424395115,1.5138371466518161,0.654432049229836,4.544133891991167,,True,True,6.0,-0.03420525819579639,0.9964891418800274,1.4570812143838265,,1.260078347810965,16.387197561338102,True,True
base,standard,25,RR-PGEE,1.6,4.953032424395115,1.6214233942234197,0.5539495459601833,5.060287977470125,,True,True,7.0,-0.03238816621439713,1.1394735105638123,1.235787867860924,,1.70864769308015,14.986421436456721,True,True
base,standard,25,OR-PGEE-ZY,1.6,4.953032424395115,1.6930107226205378,0.650023040203915,4.85107935173856,0.02717391304347826,True,True,6.0,-0.03139221690926211,0.9041718614063285,0.9523584151077514,,1.499221680389766,12.948094936349825,True,True
base,standard,26,RR-GEE,1.6,4.953032424395115,1.425060371060921,0.7539856014196837,4.158108864622286,,True,True,6.0,0.08743963022333544,0.9040196572788722,1.4562001437165364,,0.9486415618797936,18.225924337311827,True,True
base,standard,26,RR-PGEE,1.6,4.953032424395115,1.454459409929723,0.616728970432698,4.282167942315184,,True,True,7.0,0.09314255290820692,1.1430105816662341,1.1434147854982528,,1.278506806637134,14.342483114676336,True,True
base,standard,26,OR-PGEE-ZY,1.6,4.953032424395115,1.5082039167439967,0.6954912555295799,4.169317411402911,0.023809523809523808,True,True,7.0,0.08237748206106911,0.9105231578924279,0.9061119235778977,,1.151834568309607,12.644740800598973,True,True
base,standard,27,RR-GEE,1.6,4.953032424395115,1.639091374263648,0.7620096658995545,5.150487519952071,,True,True,7.0,0.04276456735897023,1.4836374419077474,2.410581633302564,,1.1567101210650637,22.93359521118074,True,True
base,standard,27,RR-PGEE,1.6,4.953032424395115,1.6023781035292153,0.6786914611557752,4.964825265024101,,True,True,7.0,0.04633560169366849,1.7210514967726167,2.02147519757193,,1.312806593233297,18.776177724330793,True,True
base,standard,27,OR-PGEE-ZY,1.6,4.953032424395115,1.7736768545492099,0.8022189298114563,5.373593896247981,0.019736842105263157,True,True,7.0,0.03473833049738186,0.6121933759161856,1.363041823799348,,1.2176999464208906,18.42751175863208,True,True
base,standard,28,RR-GEE,1.6,4.953032424395115,3.298921441599177,1.0460105572201488,27.083412120420263,,True,True,7.0,0.11257786472878971,1.0766623171601453,2.7577803244680936,,3.4860818344660487,210.41135776919498,True,True
base,standard,28,RR-PGEE,1.6,4.953032424395115,2.9331712960618757,0.7236744451382937,18.78711563014596,,True,True,6.0,0.1470913978700749,1.4619005352885217,2.1946171431181543,,4.5484906245451855,77.59842612312026,True,True
base,standard,28,OR-PGEE-ZY,1.6,4.953032424395115,3.1172999934321215,0.7806816232250849,19.41111216320614,0.007575757575757576,True,True,7.0,0.1314593101686784,0.7469507271825173,1.3402000284451157,,4.7500175960386395,58.51528364459873,True,True
base,standard,29,RR-GEE,1.6,4.953032424395115,26.528312431057024,0.6339374772748995,331970660860.88885,,False,True,25.0,0.4518603874014198,5.458419462375861,159767.19573242316,,,,False,False
base,standard,29,RR-PGEE,1.6,4.953032424395115,4.79125817936966,0.6144872834802461,120.45282462281146,,True,True,9.0,0.4579131721909523,5.9396905395574136,3.9986300088120665,,36.12139087223004,401.6701076360861,False,True
base,standard,29,OR-PGEE-ZY,1.6,4.953032424395115,,,,,False,False,,,,,FloatingPointError('Non-positive variance vector'),,,False,False
base,standard,30,RR-GEE,1.6,4.953032424395115,0.8513705843657077,0.8466311955802306,2.342855733841886,,True,True,5.0,-0.024403718480493983,0.9783737545723006,1.1084357729366063,,0.44575042572678186,12.314005041377602,True,True
base,standard,30,RR-PGEE,1.6,4.953032424395115,0.9097269692670972,0.6839023344573705,2.4836443295722144,,True,True,7.0,-0.022817079714040404,1.1948725830465694,0.900241245107635,,0.6500558639726204,9.489167774165368,True,True
base,standard,30,OR-PGEE-ZY,1.6,4.953032424395115,0.926687750184549,0.7353483909367736,2.454103588925737,0.019230769230769232,True,True,6.0,-0.02014679446719165,0.8542451940681666,0.826620762947394,,0.6024183609269286,9.000699733456756,True,True
base,standard,31,RR-GEE,1.6,4.953032424395115,1.4644994125946706,1.1682270981753418,4.325377468782859,,True,True,7.0,0.06326167824626801,1.253995966306958,1.5356085756655455,,0.43815452869252985,42.69929676016923,True,True
base,standard,31,RR-PGEE,1.6,4.953032424395115,1.4779875908154616,0.9173994676486467,4.384114165974673,,True,True,7.0,0.06229408411764191,1.5819632657935303,1.1897073946987844,,0.726089259160843,26.47120416367721,True,True
base,standard,31,OR-PGEE-ZY,1.6,4.953032424395115,1.52589181493195,1.008426090145124,4.405856231565784,0.012195121951219513,True,True,8.0,0.04294854947371769,0.652034027254923,0.9167901716793561,,0.6400855388424235,23.835848541151385,True,True
base,standard,32,RR-GEE,1.6,4.953032424395115,2.416198613991182,0.8593213686502239,11.203190614108305,,True,True,6.0,0.11469084194076704,1.0835423831085487,2.1443720981147503,,2.079151089362074,60.36669512774748,True,True
base,standard,32,RR-PGEE,1.6,4.953032424395115,2.251892859533695,0.7011949570228155,9.505711795204899,,True,True,7.0,0.13233961695162566,1.3596393084664433,1.7620444165945206,,2.4050627570574794,37.57014509012167,True,True
base,standard,32,OR-PGEE-ZY,1.6,4.953032424395115,2.3824944187406754,0.7937680575206236,9.561513651770708,0.013513513513513514,True,True,8.0,0.12129376618343947,0.7776256971270759,1.0709507362807946,,2.246807938867137,30.55068071509513,True,True
base,standard,33,RR-GEE,1.6,4.953032424395115,2.6149597780363,0.8679789939136091,13.66666666666806,,True,True,7.0,0.04104166666666204,1.0260416666666827,2.8694475073234758,,2.4936617451863436,74.901007780371,True,True
base,standard,33,RR-PGEE,1.6,4.953032424395115,2.4856659184235794,0.7139088459212474,12.009114683435701,,True,True,7.0,0.0484076882781725,1.2873839645433613,2.362410384921431,,2.9636757109094063,48.662151175661975,True,True
base,standard,33,OR-PGEE-ZY,1.6,4.953032424395115,2.6177863367649348,0.8166528862793015,11.86668722016457,0.012195121951219513,True,True,8.0,0.049436687092556664,0.804844790102043,1.023274397479379,,2.7070936575530067,37.400215252039935,True,True
base,standard,34,RR-GEE,1.6,4.953032424395115,1.36745937489907,0.8467287616486544,3.925365134866769,,True,True,5.0,0.11881221377945578,0.9726159543784478,1.308703985129245,,0.7466949809488576,20.635589946576804,True,True
base,standard,34,RR-PGEE,1.6,4.953032424395115,1.320631420446929,0.6774556744818965,3.745785796452691,,True,True,6.0,0.11994585920331607,1.2283239498426102,1.0438391167354522,,0.9928682498321543,14.131694950743633,True,True
base,standard,34,OR-PGEE-ZY,1.6,4.953032424395115,1.3594246766686164,0.7317233042664362,3.6781856058742606,0.02027027027027027,True,True,6.0,0.09872353113470832,0.8495980656922834,0.8459721547705111,,0.9293535310671295,12.463908595357815,True,True
base,standard,35,RR-GEE,1.6,4.953032424395115,1.4514336633348166,0.8937716004718511,4.2692307694184635,,True,True,5.0,0.39169590643565166,1.0368421052741943,1.3569819373863632,,0.7405763948679349,24.611007708123925,True,True
base,standard,35,RR-PGEE,1.6,4.953032424395115,1.3927782788420038,0.7055111092420472,4.026019935289207,,True,True,7.0,0.38974708899971766,1.3154028725284375,1.0804375373344202,,1.0100521003570744,16.04752518569681,True,True
base,standard,35,OR-PGEE-ZY,1.6,4.953032424395115,1.461486495341391,0.7880708300208662,3.9580289456944855,0.02702702702702703,True,True,7.0,0.3152412976101056,0.8196837318989891,0.914602590265817,,0.922243154043373,13.30229186699657,True,True
base,standard,36,RR-GEE,1.6,4.953032424395115,0.9576371086436697,1.1624104513311235,2.6055326035460062,,True,True,5.0,-0.0142359000659156,0.9542907398521805,1.1640551381883868,,0.2669629187752598,25.429749492124476,True,True
base,standard,36,RR-PGEE,1.6,4.953032424395115,1.1082158961298025,0.8214750394670298,3.0289496102317046,,True,True,8.0,-0.011854094311767342,1.2798107180943983,0.8404221639273349,,0.6054122818564142,15.15419494495607,True,True
base,standard,36,OR-PGEE-ZY,1.6,4.953032424395115,1.1125168264880578,0.8809955014371458,2.969810121088867,0.011904761904761904,True,True,7.0,-0.009759219868225706,0.7886711015038586,0.816088488546324,,0.5440445070175265,14.351528195144384,True,True
base,standard,37,RR-GEE,1.6,4.953032424395115,1.1260564889070221,1.1549436087711242,3.08347278347666,,True,True,5.0,-0.015279830585003098,1.0284574243054,1.2353407465244286,,0.32059027004908663,29.657183310602434,True,True
base,standard,37,RR-PGEE,1.6,4.953032424395115,1.2651319921325166,0.8310987809411207,3.543560427340027,,True,True,8.0,-0.012863212721287029,1.3499767182016176,0.9101550350514925,,0.6950359653110801,18.066432715593546,True,True
base,standard,37,OR-PGEE-ZY,1.6,4.953032424395115,1.2708999817957953,0.8906308687524122,3.460874008108101,0.011627906976744186,True,True,7.0,-0.0100180679260164,0.7480002956192436,0.8032507762294253,,0.6248146631239848,16.658179353874733,True,True
base,standard,38,RR-GEE,1.6,4.953032424395115,1.1148371342510044,1.1549402567743192,3.0490715494201543,,True,True,5.0,-0.014220249315281954,0.9571421496425184,1.225757250246302,,0.3170156385608686,29.326115757845738,True,True
base,standard,38,RR-PGEE,1.6,4.953032424395115,1.2654648036733098,0.8179903436271965,3.5447399614161337,,True,True,8.0,-0.011784349289547538,1.2790062988607525,0.8865185769435909,,0.7133616176297928,17.614041859736417,True,True
base,standard,38,OR-PGEE-ZY,1.6,4.953032424395115,1.271029761757869,0.8832075319087479,3.461305110825179,0.011627906976744186,True,True,7.0,-0.009763952053605451,0.7889690964155682,0.7630022495510274,,0.6339860111493332,16.46535632830494,True,True
base,standard,39,RR-GEE,1.6,4.953032424395115,1.5916689389153664,1.1714467207170765,4.911939818891087,,True,True,6.0,0.2526156172260088,0.9271409499041532,1.472185519804432,,0.49444248529153156,48.79668212609611,True,True
base,standard,39,RR-PGEE,1.6,4.953032424395115,1.5649409628938566,0.8033739077410935,4.782392588941985,,True,True,9.0,0.25691364692290747,1.3993707439625898,0.9765544923715291,,0.990403381879011,23.092892545838662,True,True
base,standard,39,OR-PGEE-ZY,1.6,4.953032424395115,1.5665505391298078,0.8855858137993534,4.5784760976469325,0.012195121951219513,True,True,8.0,0.18937056850017414,0.7473650700511145,0.7433043939143857,,0.8459745370598895,20.599019673204868,True,True
base,standard,40,RR-GEE,1.6,4.953032424395115,,,,,False,False,,,,,FloatingPointError('Negative sandwich variance'),,,False,False
base,standard,40,RR-PGEE,1.6,4.953032424395115,2.537318653467539,0.8861986793400458,12.645717919334395,,True,True,17.0,0.001212440531698093,4.397279148752364,12.29965409962541,,2.2264339029523614,71.82525449478693,True,True
base,standard,40,OR-PGEE-ZY,1.6,4.953032424395115,,,,,False,False,,,,,FloatingPointError('Non-positive variance vector'),,,False,False
base,standard,41,RR-GEE,1.6,4.953032424395115,2.834340528556408,1.0467130748925746,17.019172940193762,,True,True,6.0,0.007138427152350878,0.9842901530882409,2.3320254664522277,,2.1876340111644548,132.4043446435745,True,True
base,standard,41,RR-PGEE,1.6,4.953032424395115,2.5498932599021185,0.75414291704321,12.805736824107633,,True,True,8.0,0.011582607195797132,1.3103051600894926,1.8955990463325672,,2.9206327946587947,56.14772795409365,True,True
base,standard,41,OR-PGEE-ZY,1.6,4.953032424395115,2.6492337213080286,0.7930584068174156,12.896832129477822,0.007352941176470588,True,True,8.0,0.010992753341051905,0.7993154389807142,1.1329652555837295,,2.9457111344854625,45.075966745446635,True,True
base,standard,42,RR-GEE,1.6,4.953032424395115,2.447513498075293,1.0658794374077112,11.559568066716752,,True,True,7.0,0.26664094123450793,0.5576168353415761,2.245259841591302,,1.4310782611259574,93.37268094892588,True,True
base,standard,42,RR-PGEE,1.6,4.953032424395115,2.0943854380919924,0.6729918327562184,8.120448917826309,,True,True,10.0,0.2597241277684989,1.0602805663979187,1.3368793175002136,,2.171342595857805,30.36908627538608,True,True
base,standard,42,OR-PGEE-ZY,1.6,4.953032424395115,2.1480621060647094,0.7632066283479958,7.810404618944012,0.01282051282051282,True,True,8.0,0.24949955319981862,0.9918300366108186,1.2043568114541123,,1.8973945976422075,25.883328540131487,True,True
base,standard,43,RR-GEE,1.6,4.953032424395115,1.7342745668481783,0.7737328377345357,5.6648168669260475,,True,True,6.0,0.14314413387110048,1.0392392065568015,1.5869124297036243,,1.2433210570250992,25.810027067821174,True,True
base,standard,43,RR-PGEE,1.6,4.953032424395115,1.7097137560061961,0.6497687262697895,5.527379072096904,,True,True,7.0,0.14474758342539554,1.2476589715680744,1.3253401067107955,,1.5468033619517034,19.751650505921752,True,True
base,standard,43,OR-PGEE-ZY,1.6,4.953032424395115,1.803264946255568,0.7423771610522021,5.401557692911566,0.024390243902439025,True,True,7.0,0.12369457976078614,0.8440841562528596,0.9084338508168022,,1.4023139274675542,16.15348182971476,True,True
base,standard,44,RR-GEE,1.6,4.953032424395115,1.8950262306796428,0.673609363496029,6.65272290778754,,True,True,6.0,0.002228543044913831,0.8846506980048074,1.7289037135575365,,1.7767327404742301,24.91017420886157,True,True
base,standard,44,RR-PGEE,1.6,4.953032424395115,1.8149816378439585,0.574511008259823,6.14096341508119,,True,True,6.0,0.0044120629591137325,1.0679334575899102,1.4629090887280334,,1.9916446464904292,18.93481938749401,True,True
base,standard,44,OR-PGEE-ZY,1.6,4.953032424395115,1.931731113997108,0.6542677318271654,6.164076104217292,0.02027027027027027,True,True,7.0,0.00615349908118475,0.9882340656724609,1.1768982206054308,,1.8795361477101113,16.76497694700898,True,True
base,standard,45,RR-GEE,1.6,4.953032424395115,0.5976639468707117,0.7513400211258777,1.8178672019782747,,True,True,4.0,-0.035539713582210836,1.0163578224414078,1.0619522634580116,,0.4168889353772843,7.926910223792873,True,True
base,standard,45,RR-PGEE,1.6,4.953032424395115,0.6999701166731259,0.6249639028933652,2.0136925307392204,,True,True,6.0,-0.034092374007149366,1.167571618741611,0.9012461681332352,,0.5915928555916763,6.854304561030233,True,True
base,standard,45,OR-PGEE-ZY,1.6,4.953032424395115,0.71661201099979,0.6824326756907494,1.9841206931391508,0.03048780487804878,True,True,5.0,-0.030888434047695965,0.8836321573815943,0.8508812353905938,,0.5451312196854484,6.460770749613365,True,True
base,standard,46,RR-GEE,1.6,4.953032424395115,2.0271533319466357,0.7783778717638007,7.592442403580801,,True,True,7.0,0.4548950915901406,1.1452994898141906,2.327999297942028,,1.6512964999740238,34.90904368331102,True,True
base,standard,46,RR-PGEE,1.6,4.953032424395115,2.008536456280661,0.641670299998237,7.4524024452565465,,True,True,7.0,0.45584603958445763,1.3931790272607647,1.9113392539397702,,2.11887604011063,26.211208751582276,True,True
base,standard,46,OR-PGEE-ZY,1.6,4.953032424395115,2.248973885867143,0.7445851587089922,7.60397739666994,0.029069767441860465,True,True,10.0,0.3510800460106121,0.791095792099091,1.0035399098480513,,2.1281503331822993,18.91239993647438,True,True
base,standard,47,RR-GEE,1.6,4.953032424395115,-25.19962568256018,0.5477867832635559,1.1374743707431506e-11,,False,True,25.0,-0.025053293195593872,1.3094598242202353,167456.4657639983,,,,False,False
base,standard,47,RR-PGEE,1.6,4.953032424395115,-1.6037216937693475,0.4969023282757089,0.20114651748338483,,True,True,6.0,-0.022347763714137332,1.539305025390191,1.1268445056845278,,0.07595362205957498,0.532692456245977,False,True
base,standard,47,OR-PGEE-ZY,1.6,4.953032424395115,-1.600709361531706,0.5048042631149978,0.20620200133293065,0.02702702702702703,True,True,6.0,-0.015082913009836892,0.6615902131222532,1.2673427442223957,,0.07693533151996215,0.5494304724977742,False,True
base,standard,48,RR-GEE,1.6,4.953032424395115,2.9111171376102845,1.177898065548796,18.377317095977837,,True,True,8.0,0.016793516843619044,1.071627032513588,4.6330019009310295,,1.8266420787725495,184.88886660985128,True,True
base,standard,48,RR-PGEE,1.6,4.953032424395115,2.720189512227317,0.8674285492164707,15.183199374250906,,True,True,9.0,0.02194175517230249,1.5065957219323194,3.452717037143587,,2.7733633699057076,83.12273311884515,True,True
base,standard,48,OR-PGEE-ZY,1.6,4.953032424395115,,,,,False,False,,,,,FloatingPointError('Non-positive variance vector'),,,False,False
base,standard,49,RR-GEE,1.6,4.953032424395115,0.7020270631128342,0.6124546612752291,2.017838851338756,,True,True,5.0,-0.04590072372681624,1.0936600983991593,1.140920686977058,,0.6075249618477334,6.702068039457137,True,True
base,standard,49,RR-PGEE,1.6,4.953032424395115,0.7554773019801437,0.5411006007918279,2.128627278940164,,True,True,5.0,-0.04468462117514532,1.215336710506134,1.0161738811873902,,0.737078862635323,6.147312482205845,True,True
base,standard,49,OR-PGEE-ZY,1.6,4.953032424395115,0.7888612002527923,0.6000408834327954,2.1060463600940245,0.0375,True,True,5.0,-0.0393512533045384,0.8578545256167368,0.9850589414059442,,0.6872307550844386,5.800098303298193,True,True
base,standard,50,RR-GEE,1.6,4.953032424395115,2.1942851682739937,0.7674290786008676,8.97358416093801,,True,True,7.0,0.04035029817204903,1.1496140138613862,2.2076137013371673,,1.9940182292071749,40.38338843344199,True,True
base,standard,50,RR-PGEE,1.6,4.953032424395115,2.1318806390831,0.6677203658092898,8.430707029042313,,True,True,7.0,0.044476626710310815,1.3447162880567936,1.902660286812574,,2.2777150521602643,31.20531733858972,True,True
base,standard,50,OR-PGEE-ZY,1.6,4.953032424395115,2.275939781713269,0.7790197999849015,8.395293030486833,0.018292682926829267,True,True,7.0,0.045006423848918925,0.7749881423514371,0.9779561191241686,,2.0727922496675117,24.87993296052975,True,True
base,standard,51,RR-GEE,1.6,4.953032424395115,1.916936890095294,0.9588122709867323,6.800097090503108,,True,True,6.0,0.01994701698861783,1.0681557957298295,1.7859929100603729,,1.0384190071083532,44.530502739000625,True,True
base,standard,51,RR-PGEE,1.6,4.953032424395115,1.8607648668851446,0.7731640699943589,6.428651954455228,,True,True,7.0,0.022523062530665657,1.3444195708183782,1.4280437976520728,,1.4125423071518166,29.257577449026616,True,True
base,standard,51,OR-PGEE-ZY,1.6,4.953032424395115,1.9128176932635557,0.8464657957381173,6.326788487257689,0.012195121951219513,True,True,7.0,0.0194853002607074,0.7611781006405856,0.8463868524513691,,1.2843573270243518,25.02757802950404,True,True
base,standard,52,RR-GEE,1.6,4.953032424395115,0.965080896076218,1.162407184001167,2.6250000000856564,,True,True,5.0,-0.01447343968227826,1.1081593609012428,1.2727104627536336,,0.26895927095401495,25.619585359553618,True,True
base,standard,52,RR-PGEE,1.6,4.953032424395115,1.099697752452661,0.8468360799126812,3.003258159340733,,True,True,7.0,-0.011929663418226934,1.4362906801372988,0.9506578446064756,,0.5711688150286234,15.791407608965281,True,True
base,standard,52,OR-PGEE-ZY,1.6,4.953032424395115,1.107757290083455,0.9076317526021225,2.9562050533425883,0.011904761904761904,True,True,7.0,-0.008712640883712723,0.7034866921762812,0.8816199263995315,,0.5141032554002459,14.924968582521387,True,True
base,standard,53,RR-GEE,1.6,4.953032424395115,0.910017524367826,0.6334801894305707,2.4843660699481642,,True,True,6.0,-0.028206260138456778,0.92391410625122,1.6657052885881134,,0.717788133739239,8.598741716942207,True,True
base,standard,53,RR-PGEE,1.6,4.953032424395115,0.9165423736829377,0.5499475903269759,2.5006291836830963,,True,True,6.0,-0.027805906853511905,1.1268808552748293,1.3446483225860524,,0.8510068536975685,7.347938841054078,True,True
base,standard,53,OR-PGEE-ZY,1.6,4.953032424395115,0.9802407917329858,0.6282198715505879,2.5472793033756655,0.027777777777777776,True,True,7.0,-0.02710372748183003,0.9240956224969362,1.3483589245741314,,0.7828130571773821,7.447778480997369,True,True
base,standard,54,RR-GEE,1.6,4.953032424395115,2.184845514748969,0.7947220547051668,8.889275185383056,,True,True,6.0,0.16856277399967978,1.0735630165223378,2.2280230238867325,,1.8723960293242272,42.20219017981257,True,True
base,standard,54,RR-PGEE,1.6,4.953032424395115,2.1072231853916623,0.6472783453014596,8.225369218175173,,True,True,7.0,0.16677971264687527,1.3222728901117435,1.8405519269690989,,2.3130822456794187,29.249586304887714,True,True
base,standard,54,OR-PGEE-ZY,1.6,4.953032424395115,2.246383607435812,0.7134566736812038,8.187410295565588,0.018292682926829267,True,True,8.0,0.12814728359046149,0.8024996690780429,0.9993258080380846,,2.2793857033969265,22.7566960709502,True,True
base,standard,55,RR-GEE,1.6,4.953032424395115,0.6953268255877444,0.8176359441371609,2.004364044361651,,True,True,5.0,0.0754545274848801,1.0573620932725287,1.1840477636274647,,0.4036487631192466,9.952898632177762,True,True
base,standard,55,RR-PGEE,1.6,4.953032424395115,0.7679727325371493,0.6871969998347277,2.1553922650517974,,True,True,5.0,0.0781326162199408,1.2304408231244803,1.008802430023683,,0.5605097522506989,8.288376424478754,True,True
base,standard,55,OR-PGEE-ZY,1.6,4.953032424395115,0.8010347383496259,0.7845217974336762,2.129780942014105,0.0375,True,True,6.0,0.0698320918360161,0.8535069133242587,1.0409676375000734,,0.4882836133790552,7.672311351394783,True,True
base,standard,56,RR-GEE,1.6,4.953032424395115,0.43351300792642766,0.7671797404832277,1.542667418351403,,True,True,4.0,0.03803461962164933,1.0154585638689282,1.0504206766279836,,0.3429633622601425,6.938999979355971,True,True
base,standard,56,RR-PGEE,1.6,4.953032424395115,0.5688692774711291,0.6248134793401138,1.7662687620099609,,True,True,6.0,0.04257475062108615,1.1796697600685586,0.8959141826340243,,0.5190564478100669,6.010339246944029,True,True
base,standard,56,OR-PGEE-ZY,1.6,4.953032424395115,0.5749026632899105,0.6898587106358548,1.727843136538802,0.036585365853658534,True,True,5.0,0.03781509067529754,0.8828440210019899,0.8619226189287894,,0.4689635359807522,5.654724242722064,True,True
base,standard,57,RR-GEE,1.6,4.953032424395115,1.2377952648352297,0.8274274888365428,3.448003144693918,,True,True,6.0,-0.021927275897321175,0.9599655215697835,1.356618734614727,,0.6811771918240916,17.453205756908716,True,True
base,standard,57,RR-PGEE,1.6,4.953032424395115,1.2988720232500521,0.668548261767364,3.6651601196930397,,True,True,6.0,-0.020314203483888335,1.1906971933311623,1.0881292414261283,,0.9886069067479667,13.588210451793842,True,True
base,standard,57,OR-PGEE-ZY,1.6,4.953032424395115,1.3346277673731777,0.7414867148280346,3.6177841450097468,0.017857142857142856,True,True,7.0,-0.01839167516549322,0.8569542371780094,0.8740613423958915,,0.8898881866447997,12.770176132012166,True,True
base,standard,58,RR-GEE,1.6,4.953032424395115,2.274204799372152,1.1062412641987034,9.720186440134139,,True,True,7.0,-0.02362880657143194,2.052637801257451,3.140312552118911,,1.1118349553117963,84.97846193769975,True,True
base,standard,58,RR-PGEE,1.6,4.953032424395115,2.151604164673408,0.9065061670751825,8.598640975551914,,True,True,8.0,-0.022076213557904553,2.4133168333093376,2.5681997109023103,,1.454823700793617,50.821708902671446,True,True
base,standard,58,OR-PGEE-ZY,1.6,4.953032424395115,2.239009118415582,0.9523563250827319,8.893480884799436,0.006578947368421052,True,True,9.0,-0.00990648241220325,0.41871768239898843,1.114676339629777,,1.4469540200067286,43.57153362696736,True,True
base,standard,59,RR-GEE,1.6,4.953032424395115,26.50733345681558,0.632992446617361,325078801752.18066,,False,True,25.0,-0.04875695062607898,5.273812626804346,136551.21894911624,,,,False,False
base,standard,59,RR-PGEE,1.6,4.953032424395115,4.690801640258913,0.6100556910601357,108.94047588401011,,True,True,9.0,-0.0463275047786831,5.701439086766397,6.851803233112109,,32.9540595671148,360.1385517211913,False,True
base,standard,59,OR-PGEE-ZY,1.6,4.953032424395115,4.599802043842543,0.6455251647802986,99.46462405818156,0.0,True,True,10.0,-0.00853730353775351,0.18186980263427233,0.8413818807677943,,28.06704099931186,352.4850175434577,False,True
base,standard,60,RR-GEE,1.6,4.953032424395115,3.4638111927820363,1.0633160080054562,31.938468513563414,,True,True,6.0,0.05418679368984797,0.9871702987792812,3.874675308720258,,3.9739084749730273,256.6908063978009,True,True
base,standard,60,RR-PGEE,1.6,4.953032424395115,3.1408295800117947,0.7551181181135469,23.123041317137407,,True,True,8.0,0.07332349891882668,1.3796952953016925,3.063506146172758,,5.2636529580920275,101.57870285351275,False,True
base,standard,60,OR-PGEE-ZY,1.6,4.953032424395115,3.327624409415345,0.8304196693278851,23.684816342433788,0.006578947368421052,True,True,9.0,0.0718341213706127,0.7711501991297777,1.230265770915025,,5.317597742813747,73.64237093731131,False,True
base,standard,61,RR-GEE,1.6,4.953032424395115,1.6557679480929015,0.8009086306197867,5.237100199408844,,True,True,6.0,0.08573391886716189,1.0511019270163364,1.6266141038105382,,1.0898236314837328,25.166657894275563,True,True
base,standard,61,RR-PGEE,1.6,4.953032424395115,1.6002035205921068,0.6767281292905278,4.954040571072676,,True,True,6.0,0.08970355466661266,1.284996210874447,1.333350519747898,,1.315005383920551,18.663435359225023,True,True
base,standard,61,OR-PGEE-ZY,1.6,4.953032424395115,1.688928052686542,0.7698716640070872,4.97986816829616,0.019736842105263157,True,True,7.0,0.08005350373010155,0.8152597899063687,0.966826099068407,,1.1925838482082043,16.72784068013852,True,True
base,standard,62,RR-GEE,1.6,4.953032424395115,1.8421661326754641,0.7083014591838371,6.31019218105851,,True,True,6.0,0.009148135490286553,1.1386105025419546,1.6757087101117416,,1.5744732666639734,25.290061257286556,True,True
base,standard,62,RR-PGEE,1.6,4.953032424395115,1.7821665983282462,0.617866132614662,5.94271796346405,,True,True,6.0,0.011581143787326047,1.313974026828766,1.4614561033298956,,1.7703393141743817,19.948659847588754,True,True
base,standard,62,OR-PGEE-ZY,1.6,4.953032424395115,1.8820394122435475,0.6838226520174938,5.916790060225868,0.019736842105263157,True,True,6.0,0.012961960341980964,0.793334696141106,1.0072722643192487,,1.6949947311588784,17.003028027396862,True,True
base,standard,63,RR-GEE,1.6,4.953032424395115,2.337323969304764,0.6373878752263117,10.353493192646615,,True,True,7.0,-0.02644017354838091,0.8879228597240838,2.6513504364946407,,2.968529432675255,36.110412148945834,True,True
base,standard,63,RR-PGEE,1.6,4.953032424395115,2.274744212443809,0.5448443533254668,9.725431050137315,,True,True,8.0,-0.026303569506590883,1.0695577207699787,2.247531709805043,,3.34300098721451,28.29314423558853,True,True
base,standard,63,OR-PGEE-ZY,1.6,4.953032424395115,2.448623448922461,0.6341008667088982,9.734584687839902,0.017857142857142856,True,True,8.0,-0.02835633266407163,0.98814980033262,1.1851307158682667,,3.2055433255248675,23.61388527430947,True,True
base,standard,64,RR-GEE,1.6,4.953032424395115,1.5045307940200403,1.2137053292516946,4.502040750197246,,True,True,6.0,0.25515179026923857,1.5123812016093705,1.9303012500185157,,0.4171589565053986,48.58668524398392,True,True
base,standard,64,RR-PGEE,1.6,4.953032424395115,1.4616332415390818,0.9883377445017109,4.312997946466358,,True,True,7.0,0.26359628748147057,1.9131134856070064,1.4387389198500296,,0.6215908859704935,29.926357844162546,True,True
base,standard,64,OR-PGEE-ZY,1.6,4.953032424395115,1.5629935863122153,1.0903208280266503,4.547332127830645,0.013157894736842105,True,True,8.0,0.15120648607660567,0.5675195918668475,1.1325364665294384,,0.566525634905934,26.62653303638084,True,True
base,standard,65,RR-GEE,1.6,4.953032424395115,1.7147661421609306,0.46744355653234393,5.555376192167716,,True,True,6.0,-0.05804877574574686,1.0110153029059532,1.6655762666088394,,2.222413142277446,13.886799015631018,True,True
base,standard,65,RR-PGEE,1.6,4.953032424395115,1.6956859749968458,0.42558010352513087,5.450383509946161,,True,True,6.0,-0.05820920512452615,1.1218516779838352,1.50736182426001,,2.366860277791781,12.5510917075378,True,True
base,standard,65,OR-PGEE-ZY,1.6,4.953032424395115,1.856125469444187,0.47756012755673455,5.475152822012722,0.03125,True,True,6.0,-0.06141058139908649,0.9503309515417765,1.119828789776663,,2.3965462751704925,11.03443071789111,True,True
base,standard,66,RR-GEE,1.6,4.953032424395115,2.5196599393316803,0.8054240495822282,12.424370905237677,,True,True,6.0,0.01777847545231208,1.0063723301156764,2.450669609787873,,2.562690824701514,60.235511401924946,True,True
base,standard,66,RR-PGEE,1.6,4.953032424395115,2.3848938417758783,0.6629227350859732,10.857909947298692,,True,True,7.0,0.022424521779790166,1.244179481969661,2.0549618979865323,,2.9611839055894236,39.813200457126314,True,True
base,standard,66,OR-PGEE-ZY,1.6,4.953032424395115,2.517225757055062,0.7357542953746293,10.814406471054312,0.01282051282051282,True,True,7.0,0.024171634164468325,0.8402271720772754,1.0029436211945335,,2.8597240314070005,31.592755427375142,True,True
base,standard,67,RR-GEE,1.6,4.953032424395115,1.359381528383221,1.0804738766913768,3.893784361831853,,True,True,7.0,0.04205733261423887,1.4327830556575119,1.9630933703161615,,0.46845822156484457,32.364800015250886,True,True
base,standard,67,RR-PGEE,1.6,4.953032424395115,1.4183182148080387,0.8962667012210921,4.1301685397978005,,True,True,7.0,0.0405968277845417,1.7245779090106148,1.5609526529921773,,0.7129583751628062,23.926070246723985,True,True
base,standard,67,OR-PGEE-ZY,1.6,4.953032424395115,1.5047052924354198,1.0394381848390857,4.243562529353498,0.01744186046511628,True,True,8.0,0.02809936371995317,0.5985707244745693,0.9359731015797602,,0.5913611570650941,21.789753240519737,True,True
base,standard,68,RR-GEE,1.6,4.953032424395115,1.8152899695670253,0.8501555237918124,6.142857160848196,,True,True,6.0,0.0009662686761190692,1.0632487693624932,1.8945455063542709,,1.1606912835063523,32.51053457090725,True,True
base,standard,68,RR-PGEE,1.6,4.953032424395115,1.8152923740580735,0.713740863015135,6.142871931311008,,True,True,7.0,0.00260137977077635,1.282204478296622,1.557798872312869,,1.5164710959482877,24.88334638576943,True,True
base,standard,68,OR-PGEE-ZY,1.6,4.953032424395115,1.9002410267831211,0.8253408934060488,6.083971915864794,0.01744186046511628,True,True,7.0,0.004673267163923301,0.8016669938391545,1.0493771832557164,,1.319064319755568,21.465324321929387,True,True
base,standard,69,RR-GEE,1.6,4.953032424395115,25.853618847313385,0.4167814555572826,169076793372.1379,,False,True,25.0,-0.05228414355592635,6.900878695723126,151730.98271757597,,,,False,False
base,standard,69,RR-PGEE,1.6,4.953032424395115,5.20554692660071,0.43621045379161866,182.28053958697117,,True,True,9.0,-0.050486338797770765,7.284035611653081,4.992702915957524,,77.52420014015208,428.5912663664947,False,True
base,standard,69,OR-PGEE-ZY,1.6,4.953032424395115,5.279296708718699,0.5379622325393468,196.23181868326944,0.0,True,True,9.0,-0.007772306575904742,0.14957811672201382,1.256638688415267,,68.36835749701177,563.2273185066144,False,True
base,standard,70,RR-GEE,1.6,4.953032424395115,1.3272743403668503,0.7430402894785368,3.7707515825864664,,True,True,6.0,0.1101704353469277,0.9771883972147598,1.326636416762122,,0.878923104245252,16.17725990920229,True,True
base,standard,70,RR-PGEE,1.6,4.953032424395115,1.457349637212831,0.5953822827602555,4.29456228353657,,True,True,7.0,0.1122340525291245,1.1813506510767942,1.0588487132637674,,1.3369913200231998,13.794603548252514,True,True
base,standard,70,OR-PGEE-ZY,1.6,4.953032424395115,1.484376771922131,0.6932147320557686,4.03021580175896,0.027777777777777776,True,True,7.0,0.09608243424379129,0.8787388938179663,0.83544084317072,,1.1297395636230592,11.84730636184337,True,True
base,standard,71,RR-GEE,1.6,4.953032424395115,2.02418279523199,0.980997178153236,7.569922239713916,,True,True,7.0,0.3146871238395274,1.0867509222569947,1.8600521555913534,,1.1067896937317971,51.77471658784844,True,True
base,standard,71,RR-PGEE,1.6,4.953032424395115,1.9352864157496585,0.7875476516973898,6.926027494677634,,True,True,7.0,0.3233966445090904,1.3923161118504714,1.4663742033465395,,1.4795254320180706,32.42246183737425,True,True
base,standard,71,OR-PGEE-ZY,1.6,4.953032424395115,2.0582018966044924,0.9318803764944725,6.942550254711513,0.01875,True,True,9.0,0.26591150165677113,0.7694653915660642,1.0942348688900638,,1.2546689539937659,25.694036393103964,True,True
base,standard,72,RR-GEE,1.6,4.953032424395115,1.9079477330989685,0.544805487632303,6.739243869514456,,True,True,6.0,0.13001743448057387,1.1247556171690007,1.7318912520779435,,2.3167112116170534,19.604259566338893,True,True
base,standard,72,RR-PGEE,1.6,4.953032424395115,1.886717556672144,0.5026655484888453,6.5976765994722335,,True,True,7.0,0.13203572550037943,1.2310268881399313,1.5866532078351778,,2.463322837272023,17.670983215269306,True,True
base,standard,72,OR-PGEE-ZY,1.6,4.953032424395115,2.2004980517868264,0.7081484355177172,6.488192352326158,0.04878048780487805,True,True,7.0,0.15363894719162605,0.8976342235756977,1.1726648640005775,,2.123776334289295,13.320287999417557,True,True
base,standard,73,RR-GEE,1.6,4.953032424395115,1.14544842635915,0.6165621989698639,3.1438508263736837,,True,True,5.0,0.09895672018983387,1.07176480998055,1.1880227542531716,,0.9389516633301027,10.526418349839691,True,True
base,standard,73,RR-PGEE,1.6,4.953032424395115,1.1462184585087045,0.5532950443306317,3.1462726248950883,,True,True,5.0,0.09988181673332468,1.1948168876737775,1.0660113474764399,,1.0637284038504853,9.30597640744734,True,True
base,standard,73,OR-PGEE-ZY,1.6,4.953032424395115,1.2379769162403091,0.6480465965117457,3.099151170108798,0.046052631578947366,True,True,6.0,0.09642641212417029,0.9013164434728429,0.9428389684380635,,0.9697547980482768,8.08252198259132,True,True
base,standard,74,RR-GEE,1.6,4.953032424395115,1.1694510972735488,0.619161452033114,3.2202245632796607,,True,True,5.0,0.2135171506513602,1.0990164821608253,1.2256271014644171,,0.9568744863910801,10.83720632688232,True,True
base,standard,74,RR-PGEE,1.6,4.953032424395115,1.1532485861022315,0.5502615108716925,3.1684692540416193,,True,True,5.0,0.21491149759383735,1.2397290073365468,1.0861566703881964,,1.0776210097421555,9.316074318381332,True,True
base,standard,74,OR-PGEE-ZY,1.6,4.953032424395115,1.2653216923267772,0.6350388871917737,3.154135590719521,0.04861111111111111,True,True,5.0,0.19135954696767876,0.8850596152814555,0.8955548266490292,,1.019848098963026,7.940872844111207,True,True
base,standard,75,RR-GEE,1.6,4.953032424395115,0.3628390654783701,1.114446990826466,1.437404512618253,,True,True,5.0,0.0690285311800919,1.3383032452453147,1.496116867196024,,0.1617931034441827,12.77020892060529,True,True
base,standard,75,RR-PGEE,1.6,4.953032424395115,0.4108970836870836,0.908491193641455,1.5081701332613247,,True,True,7.0,0.07096089699177978,1.6359893929800218,1.151982904340575,,0.2541799149529724,8.948689558269454,True,True
base,standard,75,OR-PGEE-ZY,1.6,4.953032424395115,0.4167024080034986,0.9982964974825597,1.4998477526406742,0.022058823529411766,True,True,8.0,0.04785583428746448,0.6349436719255687,1.115798314403419,,0.21817857573349328,8.835969143461238,True,True
base,standard,76,RR-GEE,1.6,4.953032424395115,2.056031934037905,0.7232214544214008,7.814898172498696,,True,True,6.0,0.1663361628193497,1.095558401874816,1.8594097914942223,,1.8937214808126936,32.25006109151491,True,True
base,standard,76,RR-PGEE,1.6,4.953032424395115,1.9850631390553972,0.6228080725036218,7.279506992138935,,True,True,6.0,0.1697638011064273,1.2834941723515647,1.6080645630305879,,2.147666164497355,24.67386362209689,True,True
base,standard,76,OR-PGEE-ZY,1.6,4.953032424395115,2.158114101233866,0.7209097617318122,7.234779824297011,0.02564102564102564,True,True,7.0,0.149832832443178,0.8369041105110228,1.0436687267420035,,2.0486343074864153,18.851718822891954,True,True
base,standard,77,RR-GEE,1.6,4.953032424395115,1.65822807660417,0.9225998461901018,5.250000000003347,,True,True,6.0,-0.020102040816322064,1.005102040816424,1.527763010220633,,0.8606783736832131,32.024157737440696,True,True
base,standard,77,RR-PGEE,1.6,4.953032424395115,1.6582293730324573,0.7275942848312978,5.250006806256268,,True,True,7.0,-0.018536744935627382,1.2809714966071786,1.196891239532014,,1.2613351204981398,21.85190201859426,True,True
base,standard,77,OR-PGEE-ZY,1.6,4.953032424395115,1.6885443310671975,0.7833162360427232,5.141567405682903,0.011904761904761904,True,True,7.0,-0.015608737011255617,0.7917219294366009,0.8343689975750735,,1.1633487774331284,19.51836457696115,True,True
base,standard,78,RR-GEE,1.6,4.953032424395115,0.9162009529986964,0.5978552297675295,2.49977556288636,,True,True,5.0,0.09336853767442667,1.0595847331169548,1.1240069582671066,,0.77447200528229,8.06856519303902,True,True
base,standard,78,RR-PGEE,1.6,4.953032424395115,0.9248812783533744,0.5392069751388108,2.5215688777776535,,True,True,5.0,0.09376739316800695,1.1725250529346078,1.0147495542307712,,0.8763892187068745,7.255120749612412,True,True
base,standard,78,OR-PGEE-ZY,1.6,4.953032424395115,0.9988884554904391,0.6332012412384305,2.4848724322216795,0.05405405405405406,True,True,5.0,0.0929005611018971,0.9231281164861019,0.9143109648714842,,0.794160609675209,6.461447697002803,True,True
base,standard,79,RR-GEE,1.6,4.953032424395115,2.123945558980669,0.8120464638352528,8.364073414615246,,True,True,5.0,0.23255837687594155,1.0888367769648608,1.7291432928324508,,1.7029528861518037,41.08024634971458,True,True
base,standard,79,RR-PGEE,1.6,4.953032424395115,1.9830820485771996,0.6649911621683677,7.265099905733664,,True,True,7.0,0.2372829020874802,1.3137137882763592,1.476075847762993,,1.9733316766456295,26.74749372594692,True,True
base,standard,79,OR-PGEE-ZY,1.6,4.953032424395115,2.141093959373719,0.7395182602320183,7.299667690717223,0.022058823529411766,True,True,7.0,0.20488872369045585,0.8319145889135027,1.0699361558725093,,1.9540608573745362,20.393907382961018,True,True
base,standard,80,RR-GEE,1.6,4.953032424395115,0.14786157492978852,1.1045666818208848,1.1593524018173744,,True,True,4.0,0.19529342674222108,1.0051579590366422,1.0175156842563582,,0.13304746430356157,10.102394650175487,True,True
base,standard,80,RR-PGEE,1.6,4.953032424395115,0.48260815479728914,0.7399052679158487,1.6202948758295594,,True,True,8.0,0.20742348905548663,1.2793363201617718,0.7869118239252617,,0.38000171151339357,6.908799105624539,True,True
base,standard,80,OR-PGEE-ZY,1.6,4.953032424395115,0.4395697460591034,0.8153445352501998,1.5269518796244548,0.02976190476190476,True,True,7.0,0.16967142032291108,0.8149410594772999,0.8421098732737274,,0.32050829426182653,6.401152140240098,True,True
base,standard,81,RR-GEE,1.6,4.953032424395115,1.5523590162485972,0.6832278268588212,4.722597737186939,,True,True,6.0,-0.03530653367577919,1.031297055306232,1.441479955170076,,1.2377028019157341,18.019616141098176,True,True
base,standard,81,RR-PGEE,1.6,4.953032424395115,1.5245895662971387,0.5874792404677541,4.593257954502762,,True,True,6.0,-0.03467241564009905,1.2072838798410659,1.2350374922735903,,1.4523042213829795,14.527272127951248,True,True
base,standard,81,OR-PGEE-ZY,1.6,4.953032424395115,1.5856489075682245,0.6362401640237366,4.543247635812836,0.019230769230769232,True,True,6.0,-0.03147164272423853,0.8538779556020836,0.9609526129852974,,1.392248714093168,12.994573617795979,True,True
base,standard,82,RR-GEE,1.6,4.953032424395115,0.9576371086436691,1.162410451331124,2.605532603546005,,True,True,5.0,-0.01423590006591558,0.9542907398521817,1.1640551381883861,,0.2669629187752594,25.429749492124486,True,True
base,standard,82,RR-PGEE,1.6,4.953032424395115,1.1082158961298025,0.8214750394670298,3.0289496102317046,,True,True,8.0,-0.011854094311767427,1.2798107180944007,0.8404221639273336,,0.6054122818564142,15.15419494495607,True,True
base,standard,82,OR-PGEE-ZY,1.6,4.953032424395115,1.1125168264880585,0.8809955014371472,2.969810121088869,0.011904761904761904,True,True,7.0,-0.009759219868225689,0.7886711015038577,0.7615488408902992,,0.5440445070175254,14.351528195144425,True,True
base,standard,83,RR-GEE,1.6,4.953032424395115,1.5911324746090945,0.8089029737624356,4.909305445190606,,True,True,6.0,0.03244138222010243,1.0293465906817663,1.4889269118228132,,1.0057281223589605,23.96401116600774,True,True
base,standard,83,RR-PGEE,1.6,4.953032424395115,1.6122397792021625,0.699403299771883,5.014028978326569,,True,True,7.0,0.032061662372898876,1.1841452639555412,1.288722179753017,,1.2730740670838843,19.747858546113992,True,True
base,standard,83,OR-PGEE-ZY,1.6,4.953032424395115,1.7132024339451393,0.8458378555750152,4.899166342612556,0.029069767441860465,True,True,6.0,0.036520794764227926,0.8818389906308124,1.016675720786917,,1.0552064602481808,16.019002331102325,True,True
base,standard,84,RR-GEE,1.6,4.953032424395115,0.5847735882254146,0.9124554761500722,1.7945846245496802,,True,True,5.0,0.21116443613516964,1.0903323432960126,1.1152762043873188,,0.30010997669345557,10.731179316839903,True,True
base,standard,84,RR-PGEE,1.6,4.953032424395115,0.6651019804074513,0.7360776700345916,1.94468883138418,,True,True,7.0,0.21586043242413422,1.3280058267198254,0.9079723426427824,,0.4595149774177076,8.230013898921577,True,True
base,standard,84,OR-PGEE-ZY,1.6,4.953032424395115,0.6949474003430872,0.8202385384511547,1.939572049061992,0.03289473684210526,True,True,6.0,0.1748903629122444,0.7978335078155717,0.8512549666441994,,0.4095055638799049,7.715737776157414,True,True
base,standard,85,RR-GEE,1.6,4.953032424395115,1.3527348654851827,0.6055431952701602,3.8679895095887393,,True,True,6.0,0.09411683732315085,1.0162886445163966,1.4113742772858384,,1.1804456204917346,12.674317720841842,True,True
base,standard,85,RR-PGEE,1.6,4.953032424395115,1.3779853853659514,0.5351922127174988,3.9669017935041326,,True,True,6.0,0.09839135718995892,1.1613358815298573,1.2239453689772657,,1.3896166581919194,11.324209267742505,True,True
base,standard,85,OR-PGEE-ZY,1.6,4.953032424395115,1.5012644854298387,0.6439509637806959,3.918042099371113,0.041666666666666664,True,True,6.0,0.0897930845529091,0.9226438151094453,1.1305008878896567,,1.2560224712648527,9.792756075496044,True,True
base,standard,86,RR-GEE,1.6,4.953032424395115,3.5679146175810277,1.031237101214736,35.44260464666556,,True,True,7.0,0.0039245653961649495,1.136089460121673,4.449701130436976,,4.6960749353877205,267.49535333727067,True,True
base,standard,86,RR-PGEE,1.6,4.953032424395115,3.3063845244287724,0.7684971103751099,27.28629398880858,,True,True,8.0,0.007652602145205303,1.487118975138463,3.690982334248634,,6.050602572663371,123.05251100238056,False,True
base,standard,86,OR-PGEE-ZY,1.6,4.953032424395115,3.585660019231476,0.8377869716338995,29.454264170857392,0.00641025641025641,True,True,9.0,0.009832649516552746,0.7124446094007219,1.3692262746335373,,6.726035663544137,85.16615513540283,False,True
base,standard,87,RR-GEE,1.6,4.953032424395115,1.7932575811105043,0.6666678073592519,6.008995407675863,,True,True,7.0,-0.016544478938130148,1.0521559960106037,1.741251541983973,,1.6267964112557491,22.195786491560593,True,True
base,standard,87,RR-PGEE,1.6,4.953032424395115,1.8243366129618237,0.5920388813948371,6.198681529857307,,True,True,7.0,-0.016274585811265344,1.1677225874355466,1.559630380747728,,1.942472658962759,19.780794613146096,True,True
base,standard,87,OR-PGEE-ZY,1.6,4.953032424395115,1.9747130600398446,0.7484059193643332,5.969872572985107,0.03333333333333333,True,True,7.0,-0.011043529935914353,0.895503888186231,0.9422522242640312,,1.6258751356343986,15.55673822007831,True,True
base,standard,88,RR-GEE,1.6,4.953032424395115,1.3738844392922382,0.8939616653967897,3.9506670548158502,,True,True,6.0,0.34006261490522105,0.985414607676493,1.3062832488935014,,0.6850604280735816,22.78305611943904,True,True
base,standard,88,RR-PGEE,1.6,4.953032424395115,1.444483073024381,0.6958425973885374,4.239659981663656,,True,True,7.0,0.3453031090639109,1.2614686467827116,1.0084229046556874,,1.0839986343956416,16.581862919173933,True,True
base,standard,88,OR-PGEE-ZY,1.6,4.953032424395115,1.4698039080812955,0.8202654409117759,3.962669239923406,0.029069767441860465,True,True,7.0,0.28920743102606994,0.8384799290490268,0.8423353575564209,,0.8744715465776961,13.549229087785326,True,True
base,standard,89,RR-GEE,1.6,4.953032424395115,1.5055428447103565,0.7356950400825821,4.506599350024271,,True,True,5.0,0.11458144736190366,1.0024219322081884,1.3769738606301336,,1.0656735734176734,19.057841170355488,True,True
base,standard,89,RR-PGEE,1.6,4.953032424395115,1.4778628854822897,0.618724762704843,4.383567477645125,,True,True,6.0,0.11573203366869195,1.2018777458477365,1.1534234419509926,,1.3036716559812034,14.739649928651279,True,True
base,standard,89,OR-PGEE-ZY,1.6,4.953032424395115,1.546162751706615,0.6897050183299519,4.287395561188194,0.02564102564102564,True,True,6.0,0.09995033552315041,0.8748103471022121,0.907427787010891,,1.2078957482544976,12.60034785915502,True,True
base,standard,90,RR-GEE,1.6,4.953032424395115,2.5498640206173535,0.8191276908719605,12.805362398995998,,True,True,6.0,0.048015048472404766,0.9523931029665178,2.422361591669508,,2.57127850447965,63.77267413232028,True,True
base,standard,90,RR-PGEE,1.6,4.953032424395115,2.3913730094847834,0.6660981226761941,10.928488565261562,,True,True,6.0,0.05776313475827724,1.208190940101163,1.9935757225430855,,2.9619406510719526,40.3221659008695,True,True
base,standard,90,OR-PGEE-ZY,1.6,4.953032424395115,2.539532217088874,0.7538074916968552,10.986234950249102,0.013157894736842105,True,True,7.0,0.062057975328647895,0.8787542353505249,1.1998256952597444,,2.822156364831936,32.33270138930954,True,True
base,standard,91,RR-GEE,1.6,4.953032424395115,1.1300628264804826,0.5171705484166212,3.095850995437061,,True,True,5.0,-0.05773172764726497,1.0503627295118998,1.18713515832139,,1.1234756934256311,8.530930790967824,True,True
base,standard,91,RR-PGEE,1.6,4.953032424395115,1.1184933789927534,0.47093583727403077,3.06024010628671,,True,True,5.0,-0.05730822934709067,1.1556374880249909,1.0799601825917762,,1.2158897324806146,7.702235867243828,True,True
base,standard,91,OR-PGEE-ZY,1.6,4.953032424395115,1.1851442379849313,0.5160263091328232,3.0320519817684595,0.034722222222222224,True,True,5.0,-0.05461847620607161,0.9112042849756509,0.9323974122003228,,1.1819717213574503,7.039821545786302,True,True
base,standard,92,RR-GEE,1.6,4.953032424395115,1.0629717937445533,0.9183283167141986,2.89496144672994,,True,True,5.0,0.20619328105388354,1.095421805291456,1.4482577702172734,,0.4785863459805212,17.511577270099995,True,True
base,standard,92,RR-PGEE,1.6,4.953032424395115,1.0793897891908233,0.7595439537458011,2.942883223898769,,True,True,6.0,0.21632539889905827,1.366341134912998,1.137571337624655,,0.664122270043375,13.040613242707808,True,True
base,standard,92,OR-PGEE-ZY,1.6,4.953032424395115,1.1605055529480466,0.8473283762781572,3.01751917514628,0.02631578947368421,True,True,7.0,0.1711030049320964,0.7777524311762725,0.9263409757546446,,0.6127394700708779,11.86502662845363,True,True
base,standard,93,RR-GEE,1.6,4.953032424395115,0.7578222511334565,0.7121549163407472,2.1336246586863754,,True,True,5.0,0.3063449310195866,1.0757348595787277,1.1261144699484422,,0.5283608840098578,8.615993957776816,True,True
base,standard,93,RR-PGEE,1.6,4.953032424395115,0.8288532034469352,0.5906008627654212,2.2906902776817506,,True,True,7.0,0.3146513745844184,1.300811693018042,0.9180228985825233,,0.7198566263924224,7.289315338475754,True,True
base,standard,93,OR-PGEE-ZY,1.6,4.953032424395115,0.8872456852860958,0.6593237551274422,2.3019626662548744,0.038461538461538464,True,True,6.0,0.258576551302361,0.8272214054240468,0.9062986833363557,,0.6756273081557196,6.793014052634865,True,True
base,standard,94,RR-GEE,1.6,4.953032424395115,2.326736277795605,0.7666897343245104,10.244451867256831,,True,True,6.0,0.008210044014724116,1.2944377097321171,2.596611551967409,,2.2797185929471646,46.035854769630454,True,True
base,standard,94,RR-PGEE,1.6,4.953032424395115,2.211630076878357,0.6527819558604496,9.130587829061293,,True,True,7.0,0.011039829005959947,1.5196402317897109,2.2372782283203048,,2.5400936581403895,32.820692983909865,True,True
base,standard,94,OR-PGEE-ZY,1.6,4.953032424395115,2.4189393391185288,0.724597499056471,9.83588443554992,0.013888888888888888,True,True,7.0,0.01233180741713749,0.6975542467456219,1.3189418562304724,,2.6517386939997087,28.487970382220293,True,True
base,standard,95,RR-GEE,1.6,4.953032424395115,0.7114889834243755,0.7401168182422546,2.037022093787879,,True,True,5.0,0.10319581165573527,1.0527075466576103,1.1010362258435018,,0.4775371482606929,8.689290510054139,True,True
base,standard,95,RR-PGEE,1.6,4.953032424395115,0.8223533044657337,0.6215269796801784,2.275849306935838,,True,True,6.0,0.10397226639081796,1.1802605493352667,0.9496152775978756,,0.6731297387790594,7.694638595636902,True,True
base,standard,95,OR-PGEE-ZY,1.6,4.953032424395115,0.860150659642744,0.7306547132019283,2.2061173266413814,0.05232558139534884,True,True,5.0,0.09546608873835495,0.9039634862356282,0.8722528992655427,,0.5776124966053505,6.75303373884348,True,True
base,standard,96,RR-GEE,1.6,4.953032424395115,2.3582494336895854,0.6498632199271088,10.572427508052924,,True,True,7.0,-0.01635296685966285,0.9437092562641624,2.4385888844827766,,2.9580815338579103,37.78672836892914,True,True
base,standard,96,RR-PGEE,1.6,4.953032424395115,2.2854194916296016,0.5604144511406682,9.829808881793191,,True,True,7.0,-0.015463694445284391,1.1160987330179553,2.1078117435547172,,3.2773243776471035,29.482935321144677,True,True
base,standard,96,OR-PGEE-ZY,1.6,4.953032424395115,2.454473666225004,0.6429918272705939,9.743778778049125,0.018292682926829267,True,True,6.0,-0.014511548590182237,0.9449347178137324,0.9972682837044627,,3.1676902608073836,23.691391102471258,True,True
base,standard,97,RR-GEE,1.6,4.953032424395115,1.5375635557845237,0.759964060394161,4.653239090878665,,True,True,6.0,0.1419200397013887,1.0064929330288674,1.392815500858391,,1.0492350426654964,20.636590617364956,True,True
base,standard,97,RR-PGEE,1.6,4.953032424395115,1.5341555406826966,0.6467941104270305,4.6374077737912165,,True,True,6.0,0.14300947190804705,1.189772719398336,1.1779558886608998,,1.3053384800547438,16.475076149993903,True,True
base,standard,97,OR-PGEE-ZY,1.6,4.953032424395115,1.6194619366306908,0.7653050198317778,4.495265509749299,0.03048780487804878,True,True,7.0,0.13284829312309865,0.8871816117715702,0.9629354172560296,,1.1225798779669995,13.638279338809632,True,True
base,standard,98,RR-GEE,1.6,4.953032424395115,26.621245860400304,0.5139345649505845,364300844972.74414,,False,True,25.0,0.05396832618066407,6.278384430673367,101396.79863146468,,,,False,False
base,standard,98,RR-PGEE,1.6,4.953032424395115,5.35393522840969,0.5168519011489595,211.43872250741074,,True,True,9.0,0.05758153315825641,6.570667569797077,5.301201490073211,,76.77845882926378,582.2770352161095,False,True
base,standard,98,OR-PGEE-ZY,1.6,4.953032424395115,,,,,False,False,,,,,FloatingPointError('Non-positive variance vector'),,,False,False
base,standard,99,RR-GEE,1.6,4.953032424395115,2.010170534260649,1.3455874866063346,7.464590207155029,,True,True,7.0,-0.012294044934059487,2.1421680264052476,3.263421147620332,,0.5341212117224758,104.3210899283782,True,True
base,standard,99,RR-PGEE,1.6,4.953032424395115,2.0020025149900116,1.0544552654209178,7.403867619727407,,True,True,9.0,-0.009032156789255997,2.6183214543777127,2.3848387335854566,,0.9373562853233814,58.48070428368269,True,True
base,standard,99,OR-PGEE-ZY,1.6,4.953032424395115,2.0442790997777838,1.1202200988389999,7.439387563249854,0.005681818181818182,True,True,12.0,-0.00365803953681059,0.38411153774685425,0.724618409328503,,0.8602658698042317,49.97648843743374,True,True
base,standard,100,RR-GEE,1.6,4.953032424395115,1.8423779753856782,0.7082838783383232,6.311529090874417,,True,True,6.0,0.008337216325307704,1.1446310836941547,1.8022182459911946,,1.5748611080315051,25.29454772982884,True,True
base,standard,100,RR-PGEE,1.6,4.953032424395115,1.7830775765011138,0.6190147453771778,5.948134116440281,,True,True,6.0,0.010923932174465195,1.3293840662319187,1.5592633782799714,,1.7679681859168228,20.011841699975776,True,True
base,standard,100,OR-PGEE-ZY,1.6,4.953032424395115,1.8995799116576695,0.6942077663918936,6.009071752393707,0.019736842105263157,True,True,6.0,0.013186477768075173,0.7876039896333102,0.936658607665056,,1.690390709372411,17.433761231637675,True,True
