scenario,scenario_type,method,n_used,true_beta_b,mean_beta,bias_beta,mse_beta,n_unconditional,bias_beta_unconditional,mse_beta_unconditional
alpha_0.2,standard,OR-GEE-ZY,849,1.6,1.5573739247760154,-0.042626075223984344,0.5734889121266508,885,-0.0047133873462789425,0.6038995419710241
alpha_0.2,standard,OR-PGEE-ZY,849,1.6,1.5256640029734228,-0.07433599702657732,0.4394630089847904,935,-0.023759130943872803,1.028047465731943
alpha_0.2,standard,RR-GEE,849,1.6,1.545108378183517,-0.05489162181648308,0.567261754742868,892,0.0014064604892815617,0.6109707114566394
alpha_0.2,standard,RR-PGEE,849,1.6,1.531028504283975,-0.06897149571602533,0.4265426359735423,987,0.08028972769241978,1.2415366650439423
alpha_0.3,standard,OR-GEE-ZY,849,1.6,1.5667771506427326,-0.03322284935726772,0.6234402071129387,881,0.00332101810973064,0.6497078984958078
alpha_0.3,standard,OR-PGEE-ZY,849,1.6,1.531612127375725,-0.0683878726242751,0.4713339543701266,933,-0.033169007327778464,1.075942390069662
alpha_0.3,standard,RR-GEE,849,1.6,1.5533363542350387,-0.046663645764961285,0.61484003102668,888,0.0065819437767284375,0.6560278163570186
alpha_0.3,standard,RR-PGEE,849,1.6,1.537561312430241,-0.062438687569759135,0.45674199905005036,989,0.08135422833089503,1.3034199930460233
alpha_0.5,standard,OR-GEE-ZY,792,1.6,1.5566512486500197,-0.04334875134998055,0.699474765887495,831,0.009546438744713597,0.7390548581361304
alpha_0.5,standard,OR-PGEE-ZY,792,1.6,1.5248579148700694,-0.07514208512993073,0.5242205624255222,912,-0.08266239293989312,1.302459595741854
alpha_0.5,standard,RR-GEE,792,1.6,1.5412038424622947,-0.05879615753770519,0.6904263816821212,849,0.018894326491397256,0.7480097199626041
alpha_0.5,standard,RR-PGEE,792,1.6,1.5288842672309961,-0.07111573276900418,0.5051943889522247,980,0.045448851212168385,1.4642144063744749
alpha_0.6,standard,OR-GEE-ZY,734,1.6,1.5221212117494096,-0.07787878825059026,0.7598199526507019,793,0.015476388528183435,0.8294455347128439
alpha_0.6,standard,OR-PGEE-ZY,734,1.6,1.4922835284836868,-0.10771647151631333,0.5506015807562781,874,-0.10388122603678569,1.4299150520560668
alpha_0.6,standard,RR-GEE,734,1.6,1.5057875155468012,-0.09421248445319899,0.7339010343372505,815,0.022176699150709394,0.8235843469719795
alpha_0.6,standard,RR-PGEE,734,1.6,1.4980864019535147,-0.10191359804648543,0.5274798566865887,975,0.092252700713709,1.6915522498161213
alpha_0.7,standard,OR-GEE-ZY,680,1.6,1.5275410744920692,-0.07245892550793086,0.7752349650440652,740,0.03151600561793951,0.8590357855050045
alpha_0.7,standard,OR-PGEE-ZY,680,1.6,1.4899549999700197,-0.11004500002998054,0.56859260075994,849,-0.09850777446110619,1.684276675405197
alpha_0.7,standard,RR-GEE,680,1.6,1.5051618190494933,-0.0948381809505066,0.7685249634998192,772,0.029848775705221858,0.8493694269935222
alpha_0.7,standard,RR-PGEE,680,1.6,1.4959464860231786,-0.10405351397682147,0.5428399216309762,960,0.11791106740563716,1.9083524965501515
alpha_0.8,standard,OR-GEE-ZY,621,1.6,1.5340461058625185,-0.06595389413748158,0.8322128725197172,689,0.06200481116803389,0.925412188089907
alpha_0.8,standard,OR-PGEE-ZY,621,1.6,1.471224122152316,-0.12877587784768424,0.5899111305168424,808,-0.1348267110518111,1.7923628591807386
alpha_0.8,standard,RR-GEE,621,1.6,1.4951960517456984,-0.10480394825430199,0.8124305415002155,726,0.06321283283779981,0.9321141865843833
alpha_0.8,standard,RR-PGEE,621,1.6,1.4815861343672878,-0.1184138656327124,0.5542788539882543,944,0.1713735080217183,2.156288958972319
base,standard,OR-GEE-ZY,831,1.6,1.5513980758061248,-0.048601924193875184,0.6740419527781756,868,0.0013087478697763849,0.7194102501582554
base,standard,OR-PGEE-ZY,831,1.6,1.5215238918790812,-0.07847610812091856,0.5017053662894703,922,-0.05634024283314469,1.087373272050586
base,standard,RR-GEE,831,1.6,1.5366797108835994,-0.0633202891164006,0.6645907883459157,878,0.0057427915029387155,0.7244140137494263
base,standard,RR-PGEE,831,1.6,1.5256746730254092,-0.07432532697459086,0.48553569530113555,985,0.07216347528393292,1.3214672428695207
beta0_-2,standard,OR-GEE-ZY,940,1.6,1.6169838885189718,0.01698388851897185,0.07899214497346282,994,0.03105684334088373,0.08190281535107342
beta0_-2,standard,OR-PGEE-ZY,940,1.6,1.589956962317997,-0.010043037682003143,0.0779044191876696,941,-0.009951104776179007,0.0778278438459746
beta0_-2,standard,RR-GEE,940,1.6,1.6070486212764241,0.007048621276423871,0.07838024881393074,1000,0.02389581804440175,0.08226242340937509
beta0_-2,standard,RR-PGEE,940,1.6,1.6028046277901649,0.0028046277901647965,0.07444608723154354,1000,0.02070352787337019,0.07845021990058278
beta0_-3,standard,OR-GEE-ZY,918,1.6,1.5557501936419618,-0.044249806358038365,0.29161121844417337,971,0.0008521381073845943,0.3156836459310188
beta0_-3,standard,OR-PGEE-ZY,918,1.6,1.5250514306188752,-0.07494856938112483,0.25664616209293145,922,-0.06934887242916864,0.3041631047145638
beta0_-3,standard,RR-GEE,918,1.6,1.5426533004997935,-0.05734669950020665,0.28857202173850127,995,0.011991312896287585,0.33438828557372136
beta0_-3,standard,RR-PGEE,918,1.6,1.5353333263797695,-0.06466667362023044,0.24583306512093178,1000,0.008091448832220143,0.3269180918928766
beta_b_1.2,standard,OR-GEE-ZY,767,1.2,1.2711296518467226,0.07112965184672251,0.6706414829406878,788,0.10679037193658815,0.7171123943603837
beta_b_1.2,standard,OR-PGEE-ZY,767,1.2,1.2763396455894642,0.07633964558946418,0.48870341905161563,941,-0.06359404772130625,1.2927793997849917
beta_b_1.2,standard,RR-GEE,767,1.2,1.2598598873720512,0.05985988737205127,0.6559011548041547,805,0.11706609138112044,0.7368666841516984
beta_b_1.2,standard,RR-PGEE,767,1.2,1.2845100036162995,0.08451000361629962,0.47669400338791185,984,0.05783213614739255,1.5492399647017714
beta_b_1.4,standard,OR-GEE-ZY,796,1.4,1.4154756334609317,0.01547563346093209,0.6515697748248492,824,0.0560860192149661,0.7017879048495693
beta_b_1.4,standard,OR-PGEE-ZY,796,1.4,1.4022832193219403,0.0022832193219405644,0.47576152942859135,934,-0.06466322519005145,1.2275555932088735
beta_b_1.4,standard,RR-GEE,796,1.4,1.4034050077282132,0.0034050077282133623,0.6406023916347041,837,0.06618170021825227,0.7178474322490601
beta_b_1.4,standard,RR-PGEE,796,1.4,1.4092246093502734,0.00922460935027343,0.46184696331161745,985,0.05933354244669454,1.4751274281690379
beta_b_1.8,standard,OR-GEE-ZY,829,1.8,1.7360144388938374,-0.06398556110616269,0.6142282897720852,886,0.0006014590350158239,0.6597701204399433
beta_b_1.8,standard,OR-PGEE-ZY,829,1.8,1.6834750115574708,-0.11652498844252927,0.4755227569062883,897,-0.05439100819747726,1.0125813723620092
beta_b_1.8,standard,RR-GEE,829,1.8,1.7209340430186226,-0.07906595698137724,0.6082551579982768,900,0.006765470976271312,0.6728730492080764
beta_b_1.8,standard,RR-PGEE,829,1.8,1.6853401950151483,-0.11465980498485157,0.4599847806435699,988,0.09576031188917272,1.246243741279036
beta_b_2,standard,OR-GEE-ZY,805,2.0,1.9063651583064616,-0.09363484169353854,0.5715344806417698,886,-0.008161945826007676,0.6062806137635589
beta_b_2,standard,OR-PGEE-ZY,805,2.0,1.8345515496945408,-0.1654484503054593,0.46311547055715524,859,-0.06390819739794806,0.961481067979882
beta_b_2,standard,RR-GEE,805,2.0,1.8894279201012099,-0.11057207989879006,0.5688277935872702,909,0.006814151108580571,0.6316002720230283
beta_b_2,standard,RR-PGEE,805,2.0,1.8336334646986243,-0.16636653530137555,0.44623678153261326,985,0.09695793097468734,1.1366826120863076
confounded_shift_0_50,confounded,OR-GEE-ZY,828,1.6,1.4679873671759964,-0.1320126328240037,1.399797277978084,874,-0.07009411979473262,1.4468835244285867
confounded_shift_0_50,confounded,OR-PGEE-ZY,828,1.6,1.449995781397988,-0.1500042186020121,1.0929566601926837,909,-0.1170673333393443,2.1026683804058934
confounded_shift_0_50,confounded,RR-GEE,828,1.6,1.4850032306333023,-0.114996769366698,1.4667032738655839,886,-0.03622298720138566,1.5395837087332616
confounded_shift_0_50,confounded,RR-PGEE,828,1.6,1.4773415373358836,-0.12265846266411663,1.136945083729476,985,0.06730694691734407,2.451655898188326
n_100,standard,OR-GEE-ZY,987,1.6,1.5934365679442783,-0.006563432055721619,0.49922117400944216,992,-0.001343206576726645,0.5023994896488174
n_100,standard,OR-PGEE-ZY,987,1.6,1.5722189246617144,-0.027781075338285693,0.4090566811517445,993,-0.03244222325583912,0.442061879112145
n_100,standard,RR-GEE,987,1.6,1.5861787704845116,-0.013821229515488349,0.49562944053506724,995,-0.006041308338406321,0.501148438992564
n_100,standard,RR-PGEE,987,1.6,1.5751711454119692,-0.024828854588030982,0.4018202724048214,1000,-0.022287408112771103,0.43753942416378844
n_25,standard,OR-GEE-ZY,453,1.6,1.3958932219828264,-0.2041067780171737,0.6918012392009566,522,-0.07568872992769808,0.711647730707321
n_25,standard,OR-PGEE-ZY,453,1.6,1.3559549878825214,-0.2440450121174785,0.52438625356142,725,-0.3652670695353895,2.2948505008958944
n_25,standard,RR-GEE,453,1.6,1.3745562326778542,-0.2254437673221458,0.6830524077718282,544,-0.03676733193181347,0.7512623227357806
n_25,standard,RR-PGEE,453,1.6,1.3637179630047445,-0.23628203699525555,0.5002445784537587,913,0.2016553780121094,3.437936501160174
n_75,standard,OR-GEE-ZY,951,1.6,1.5630886297924733,-0.036911370207526675,0.5988435579507578,965,-0.013666829616490432,0.630417202509681
n_75,standard,OR-PGEE-ZY,951,1.6,1.538670999803304,-0.061329000196696154,0.4694684195686456,980,-0.02413692883174015,0.7250854235983502
n_75,standard,RR-GEE,951,1.6,1.5542757112824162,-0.04572428871758394,0.5943030150728845,971,-0.01628858102611438,0.6289844473035622
n_75,standard,RR-PGEE,951,1.6,1.5431516520081414,-0.056848347991858526,0.4595454901991633,1000,0.012180794179198347,0.7557177870267308
prop_0.3,standard,OR-GEE-ZY,909,1.6,1.6190108501245504,0.019010850124550234,0.667459156196426,911,0.020574321075165887,0.6692343118653167
prop_0.3,standard,OR-PGEE-ZY,909,1.6,1.5218123335146048,-0.07818766648539566,0.5141141746180385,995,0.11285735394931724,1.1328661184564797
prop_0.3,standard,RR-GEE,909,1.6,1.6052005880266007,0.005200588026600757,0.6585935924805623,915,0.007754711423407015,0.6620841400039158
prop_0.3,standard,RR-PGEE,909,1.6,1.5153351542469797,-0.0846648457530205,0.5009582235204608,999,0.10380838768361567,1.0776487086808009
prop_0.4,standard,OR-GEE-ZY,887,1.6,1.5912162143948807,-0.00878378560511952,0.585840813464164,887,-0.00878378560511952,0.585840813464164
prop_0.4,standard,OR-PGEE-ZY,887,1.6,1.4480695803872063,-0.15193041961279383,0.4683763477067398,1000,0.12031308381517047,1.0350625933842041
prop_0.4,standard,RR-GEE,887,1.6,1.579906524920315,-0.02009347507968488,0.5791965410836284,888,-0.020528648839941335,0.5787304017706802
prop_0.4,standard,RR-PGEE,887,1.6,1.4379815776417884,-0.1620184223582116,0.46016656868110845,1000,0.09548967231703996,0.9554271635564969
prop_0.5,standard,OR-GEE-ZY,833,1.6,1.5448051879106597,-0.05519481208934044,0.5146960484989054,833,-0.05519481208934044,0.5146960484989054
prop_0.5,standard,OR-PGEE-ZY,833,1.6,1.3592889915717108,-0.24071100842828932,0.44441771212265563,1000,0.11330827875707045,0.9980184764508392
prop_0.5,standard,RR-GEE,833,1.6,1.5343731219634649,-0.06562687803653541,0.5102005427809236,834,-0.06536226878430104,0.5096176197645886
prop_0.5,standard,RR-PGEE,833,1.6,1.3460016043432521,-0.25399839565674803,0.4415638347344869,1000,0.08016699388516163,0.9148220079582002
prop_0.6,standard,OR-GEE-ZY,756,1.6,1.4247680262251097,-0.17523197377489047,0.45939426806458555,757,-0.17651527543936182,0.460524395867625
prop_0.6,standard,OR-PGEE-ZY,756,1.6,1.2104796046711566,-0.38952039532884336,0.46830777526915607,1000,0.08155510624152618,1.0111753919229778
prop_0.6,standard,RR-GEE,756,1.6,1.4155339371866158,-0.18446606281338404,0.45881262096044245,758,-0.18458923024639523,0.45777084298826
prop_0.6,standard,RR-PGEE,756,1.6,1.19430465883367,-0.40569534116633005,0.47477469892973356,1000,0.040249923310277214,0.9266890894484265
prop_0.7,standard,OR-GEE-ZY,668,1.6,1.2775605891697783,-0.3224394108302219,0.4949907939204605,668,-0.3224394108302219,0.4949907939204605
prop_0.7,standard,OR-PGEE-ZY,668,1.6,1.019043081849031,-0.5809569181509691,0.623127031678863,1000,-0.03486296513270993,0.8682892916584821
prop_0.7,standard,RR-GEE,668,1.6,1.2687360375414893,-0.33126396245851064,0.49648528357561195,668,-0.33126396245851064,0.49648528357561195
prop_0.7,standard,RR-PGEE,668,1.6,1.0003839383141209,-0.5996160616858792,0.6413577139483181,1000,-0.07820315316434803,0.8169568933519699
prop_0.8,standard,OR-GEE-ZY,525,1.6,0.993357781349517,-0.606642218650483,0.7486962936670777,525,-0.606642218650483,0.7486962936670777
prop_0.8,standard,OR-PGEE-ZY,525,1.6,0.7002341847356575,-0.8997658152643426,1.0907824045177106,1000,-0.2556082164646323,0.79002188312088
prop_0.8,standard,RR-GEE,525,1.6,0.987570747090674,-0.6124292529093261,0.7504274355622105,525,-0.6124292529093261,0.7504274355622105
prop_0.8,standard,RR-PGEE,525,1.6,0.6767577416251916,-0.9232422583748086,1.1324994748623773,1000,-0.3056157617757146,0.780830493014003
