scenario,scenario_type,method,n_used,mean_log_variance,empirical_log_variance,mean_ci_width_rr,variance_ratio,coverage,coverage_n
alpha_0.2,standard,OR-GEE-ZY,849,0.8254193175883235,0.6451077440970512,23.272256873918174,1.2795061369843763,0.9787985865724381,849
alpha_0.2,standard,OR-PGEE-ZY,849,0.5597641074388127,0.48406350869398,17.12072130251488,1.1563856754025426,0.9611307420494699,849
alpha_0.2,standard,RR-GEE,849,0.7138423005756027,0.5649140521734003,34.1213270938898,1.2636299235772752,0.9858657243816255,849
alpha_0.2,standard,RR-PGEE,849,0.4561073091488012,0.4222829573946331,20.468646694155268,1.0800987848594572,0.9646643109540636,849
alpha_0.3,standard,OR-GEE-ZY,849,0.8853986048483985,0.6995986883122735,25.035696041700614,1.2655807102559793,0.9811542991755006,849
alpha_0.3,standard,OR-PGEE-ZY,849,0.5913981068523034,0.5182137718552694,18.125113589541918,1.1412242185980992,0.9634864546525324,849
alpha_0.3,standard,RR-GEE,849,0.764619527340134,0.6133850145953079,37.51615630872838,1.246557234275777,0.9858657243816255,849
alpha_0.3,standard,RR-PGEE,849,0.47883793718211715,0.4533774227990322,21.700924959945013,1.0561574377168992,0.9681978798586572,849
alpha_0.5,standard,OR-GEE-ZY,792,1.0086067286463147,0.7895324728612179,27.17988952738997,1.277473395098222,0.9785353535353535,792
alpha_0.5,standard,OR-PGEE-ZY,792,0.6617061625334781,0.5795926599885934,19.562861347248166,1.1416745038601779,0.9457070707070707,792
alpha_0.5,standard,RR-GEE,792,0.8695813385427508,0.6878378757072198,42.04751769724559,1.2642242732688518,0.9911616161616161,792
alpha_0.5,standard,RR-PGEE,792,0.5280381260786835,0.5007692258810648,23.613061290088545,1.0544540255037462,0.9595959595959596,792
alpha_0.6,standard,OR-GEE-ZY,734,1.0825735107342709,0.8588518862392526,27.294588419606455,1.26048918105618,0.9727520435967303,734
alpha_0.6,standard,OR-PGEE-ZY,734,0.6979659350962387,0.6029287389800534,19.533620980354495,1.157625918241939,0.9509536784741145,734
alpha_0.6,standard,RR-GEE,734,0.9214615595906241,0.7260141622224259,42.909164260898464,1.269206039686482,0.9809264305177112,734
alpha_0.6,standard,RR-PGEE,734,0.549884705396383,0.5177989233442553,23.62513535706954,1.061965717975809,0.9632152588555858,734
alpha_0.7,standard,OR-GEE-ZY,680,1.1764008784367166,0.8717304790326075,28.98187382244858,1.3495006848242974,0.9691176470588235,680
alpha_0.7,standard,OR-PGEE-ZY,680,0.7351447257125456,0.6191481045363932,20.418262120262785,1.1873487463278412,0.9441176470588235,680
alpha_0.7,standard,RR-GEE,680,0.9850857247035256,0.7606492848232642,46.82800861359939,1.2950590296451918,0.975,680
alpha_0.7,standard,RR-PGEE,680,0.5740352556303288,0.5327963118480634,24.713456606228654,1.0774009557972042,0.95,680
alpha_0.8,standard,OR-GEE-ZY,621,1.3624792889682005,0.9634651494771655,30.86092209652176,1.414144860047677,0.9677938808373591,621
alpha_0.8,standard,OR-PGEE-ZY,621,0.8110153735947095,0.6381936258367639,21.37127292976421,1.2707982981361674,0.9516908212560387,621
alpha_0.8,standard,RR-GEE,621,1.0949423352392968,0.8027393298562195,52.29013007459115,1.3640073365228218,0.9774557165861514,621
alpha_0.8,standard,RR-PGEE,621,0.6184019108316471,0.5411283926890338,25.96567173655109,1.1428007090121761,0.9549114331723028,621
base,standard,OR-GEE-ZY,831,0.9447814247085288,0.756451857009966,25.811080613190242,1.2489643801562929,0.9711191335740073,831
base,standard,OR-PGEE-ZY,831,0.6242410315982955,0.5517889057015242,18.636482593334005,1.1313040641958148,0.9482551143200962,831
base,standard,RR-GEE,831,0.8151012983095403,0.6613772104518085,38.77837539085148,1.2324302764419683,0.9855595667870036,831
base,standard,RR-PGEE,831,0.5015337331769874,0.48058976810869103,22.24464446583983,1.0435797148797383,0.9554753309265944,831
beta0_-2,standard,OR-GEE-ZY,940,0.33256700005062284,0.3493144700737737,2.7346862897035504,0.952056180153047,0.6585106382978724,940
beta0_-2,standard,OR-PGEE-ZY,940,0.3035616042085412,0.302988630217038,2.7604750176691373,1.0018910742330258,0.6627659574468086,940
beta0_-2,standard,RR-GEE,940,0.07489254673488506,0.07841398488488854,5.906067955603802,0.9550917077460999,0.9468085106382979,940
beta0_-2,standard,RR-PGEE,940,0.06976500364395735,0.07451749522559324,5.637996512329189,0.9362231437429792,0.9414893617021277,940
beta0_-3,standard,OR-GEE-ZY,918,0.43262487739116706,0.3958879101505153,9.904998196714452,1.0927963857918381,0.9150326797385621,918
beta0_-3,standard,OR-PGEE-ZY,918,0.3749196810182492,0.3347588307829514,8.980767771699755,1.119969502048288,0.9030501089324618,918
beta0_-3,standard,RR-GEE,918,0.2973460456380707,0.2855944828961284,15.003632954355169,1.0411477232430166,0.9596949891067538,918
beta0_-3,standard,RR-PGEE,918,0.23775667997296507,0.24191481020221658,12.045468505126921,0.982811592949701,0.9433551198257081,918
beta_b_1.2,standard,OR-GEE-ZY,767,1.0380225839860724,0.7323398310930334,23.320346822204705,1.4174056085913023,0.9908735332464146,767
beta_b_1.2,standard,OR-PGEE-ZY,767,0.6603994770696143,0.5270405067496591,16.381549816295898,1.2530336257119985,0.9791395045632334,767
beta_b_1.2,standard,RR-GEE,767,0.9109709296891679,0.653169538699302,33.042796037271344,1.394692917712057,0.9947848761408083,767
beta_b_1.2,standard,RR-PGEE,767,0.5415539800153488,0.47016505492561,18.803140061025115,1.151838007401537,0.9791395045632334,767
beta_b_1.4,standard,OR-GEE-ZY,796,0.9859055132902258,0.7245309474578567,24.50580937591851,1.360750036626382,0.9886934673366834,796
beta_b_1.4,standard,OR-PGEE-ZY,796,0.6412971389482516,0.5241103007339223,17.499696942595445,1.2235919386629688,0.964824120603015,796
beta_b_1.4,standard,RR-GEE,796,0.858605688507485,0.6413965721451969,35.78844012289117,1.3386502606894461,0.9937185929648241,796
beta_b_1.4,standard,RR-PGEE,796,0.5205951644174492,0.46234270243469955,20.486201138223333,1.1259941201104546,0.9635678391959799,796
beta_b_1.8,standard,OR-GEE-ZY,829,0.8852419621664916,0.6983084541860507,27.586229686587703,1.2676947513091916,0.9674306393244874,829
beta_b_1.8,standard,OR-PGEE-ZY,829,0.6008838153478759,0.5207620034061468,20.250873074753606,1.153854949895877,0.9505428226779252,829
beta_b_1.8,standard,RR-GEE,829,0.7557522397464087,0.602730790092776,43.48616842978272,1.2538802599251297,0.97708082026538,829
beta_b_1.8,standard,RR-PGEE,829,0.4774248704804745,0.4473775690757154,24.911249923757616,1.0671631826933947,0.9577804583835947,829
beta_b_2,standard,OR-GEE-ZY,805,0.836588835301183,0.6564901767606858,29.106498257876286,1.2743356487512982,0.9552795031055901,805
beta_b_2,standard,OR-PGEE-ZY,805,0.579429446552322,0.49803751542685887,21.701818436799048,1.1634253015171028,0.9341614906832298,805
beta_b_2,standard,RR-GEE,805,0.7057089276818856,0.5572938992922528,48.457564589328626,1.266313750389365,0.9739130434782609,805
beta_b_2,standard,RR-PGEE,805,0.4547315849513254,0.4190795531826687,27.656631728606346,1.0850722291218933,0.9540372670807453,805
confounded_shift_0_50,confounded,OR-GEE-ZY,828,1.6862245572500871,1.6547666304137516,32.20872541192252,1.0190104914240807,0.9190821256038647,828
confounded_shift_0_50,confounded,OR-PGEE-ZY,828,1.1394480128488098,1.26679163801007,25.478386553805997,0.8994754769921777,0.894927536231884,828
confounded_shift_0_50,confounded,RR-GEE,828,1.4521280577688978,1.4552365489647736,116.07317811742587,0.9978639272095748,0.9202898550724637,828
confounded_shift_0_50,confounded,RR-PGEE,828,0.9197868598148442,1.1232565753331791,48.2376025328288,0.8188573118675206,0.892512077294686,828
n_100,standard,OR-GEE-ZY,987,0.4860145530686678,0.5525578391381263,18.101018829798427,0.8795722703468437,0.9452887537993921,987
n_100,standard,OR-PGEE-ZY,987,0.37572120582749535,0.44860977069417285,14.500621404808435,0.8375234566249177,0.9199594731509625,987
n_100,standard,RR-GEE,987,0.4284100731528404,0.49594088718641044,23.59993382869579,0.8638329369923737,0.9584599797365755,987
n_100,standard,RR-PGEE,987,0.3177514261994336,0.40161070079073746,16.72671134263859,0.7911926290156311,0.9300911854103343,987
n_25,standard,OR-GEE-ZY,453,1.4054417296108144,0.7612521446997047,25.102754750926962,1.846223671613072,0.9690949227373068,453
n_25,standard,OR-PGEE-ZY,453,0.8749148339233884,0.5344219407808497,18.032429543929908,1.6371237165993613,0.9580573951434879,453
n_25,standard,RR-GEE,453,1.1399897930741258,0.6336262489889029,43.89813606502828,1.7991517789757654,0.9801324503311258,453
n_25,standard,RR-PGEE,453,0.6419370124181994,0.44539859730874,22.463860352568084,1.4412641088162736,0.9558498896247241,453
n_75,standard,OR-GEE-ZY,951,0.6588385884340866,0.6656281425686149,21.959352354042288,0.9897997790352916,0.9568874868559412,951
n_75,standard,OR-PGEE-ZY,951,0.4732907394139388,0.51353050300916,16.554499761110876,0.9216409475981927,0.9327024185068349,951
n_75,standard,RR-GEE,951,0.5785950161917556,0.5928356858673073,31.221310521072144,0.9759787239280006,0.9674027339642481,951
n_75,standard,RR-PGEE,951,0.39421075202055994,0.45679408579873865,19.517457164743117,0.862994430699016,0.9390115667718192,951
prop_0.3,standard,OR-GEE-ZY,909,0.8822061521654867,0.7432024995456098,27.21081652500768,1.1870333491946852,0.9625962596259626,909
prop_0.3,standard,OR-PGEE-ZY,909,0.5746225918032072,0.5571251959482099,18.326958937110682,1.0314065778791737,0.9427942794279428,909
prop_0.3,standard,RR-GEE,909,0.7766583947558688,0.659291839918005,42.307770471476985,1.178019122536782,0.9757975797579758,909
prop_0.3,standard,RR-PGEE,909,0.4797021178649811,0.4943339090962521,21.76640639203555,0.9704009962455924,0.9493949394939494,909
prop_0.4,standard,OR-GEE-ZY,887,0.8516189836437144,0.6478770217522898,25.60347320456919,1.3144762895593534,0.9594137542277339,887
prop_0.4,standard,OR-PGEE-ZY,887,0.5380986104898254,0.4835629325232532,16.19638236400594,1.1127788635121443,0.9301014656144306,887
prop_0.4,standard,RR-GEE,887,0.7602702001873355,0.5794460583466234,39.485213235125826,1.3120638051394655,0.9740698985343855,887
prop_0.4,standard,RR-PGEE,887,0.4598349416623096,0.434406347352628,18.936765572114627,1.058536424397685,0.939120631341601,887
prop_0.5,standard,OR-GEE-ZY,833,0.8546092909597153,0.564425785734858,23.9499703717669,1.5141216304408398,0.9567827130852341,833
prop_0.5,standard,OR-PGEE-ZY,833,0.5173934880672468,0.41732351932254946,14.261187219539803,1.2397899090545943,0.921968787515006,833
prop_0.5,standard,RR-GEE,833,0.7684297352428441,0.5065017009193082,37.05232141653322,1.5171315986661693,0.9663865546218487,833
prop_0.5,standard,RR-PGEE,833,0.4472342932858295,0.3775018332115282,16.468003531427705,1.18472085150174,0.9339735894357744,833
prop_0.6,standard,OR-GEE-ZY,756,0.8595102731761877,0.4733500677458864,20.49586257258803,1.815802577718459,0.9378306878306878,756
prop_0.6,standard,OR-PGEE-ZY,756,0.5040798819254715,0.34209555282803655,11.739988842533007,1.4735060943012628,0.8862433862433863,756
prop_0.6,standard,RR-GEE,756,0.772797859221915,0.4253475216274328,31.282252939821678,1.8168622595121604,0.9563492063492064,756
prop_0.6,standard,RR-PGEE,756,0.43541332370571506,0.3105968314553186,13.35129781786544,1.401860159569439,0.906084656084656,756
prop_0.7,standard,OR-GEE-ZY,668,0.9043809996082839,0.43607113269577136,17.63267883446978,2.0739299893974703,0.9176646706586826,668
prop_0.7,standard,OR-PGEE-ZY,668,0.5021945538711641,0.3113994482171659,9.49656959093826,1.612702131446746,0.8488023952095808,668
prop_0.7,standard,RR-GEE,668,0.8101758771462924,0.3873293050408817,26.965442242312623,2.0916978565842834,0.9416167664670658,668
prop_0.7,standard,RR-PGEE,668,0.4298216751203888,0.2822408086973187,10.610856038503858,1.5228898935778599,0.8532934131736527,668
prop_0.8,standard,OR-GEE-ZY,525,0.9377736540203615,0.4345724564243764,13.26905463702778,2.157922436539766,0.8571428571428571,525
prop_0.8,standard,OR-PGEE-ZY,525,0.5082344338009978,0.31481820415725553,6.874300587579938,1.6143743503064023,0.7276190476190476,525
prop_0.8,standard,RR-GEE,525,0.8262516607888407,0.3760741775098204,19.99045867759448,2.1970443869873644,0.8914285714285715,525
prop_0.8,standard,RR-PGEE,525,0.4195170113056298,0.2806577934866685,7.427682693319786,1.494763448731942,0.7352380952380952,525
